DATE_FROM,DATE_TO,PRODUCT_TYPE,TENDER_NUMBER,PRODUCTNAME,NETHERLANDS_SETTLEMENTCAPACITY_PRICE_[EUR/MW]
2024-01-01,2024-01-01,FCR,2,NEGPOS_20_24,-
2024-01-01,2024-01-01,FCR,2,NEGPOS_12_16,-
2024-01-01,2024-01-01,FCR,2,NEGPOS_08_12,-
2024-01-01,2024-01-01,FCR,2,NEGPOS_04_08,-
2024-01-01,2024-01-01,FCR,2,NEGPOS_00_04,-
2024-01-01,2024-01-01,FCR,2,NEGPOS_16_20,-
2024-01-02,2024-01-02,FCR,1,NEGPOS_08_12,67.03
2024-01-02,2024-01-02,FCR,1,NEGPOS_12_16,59.21
2024-01-02,2024-01-02,FCR,1,NEGPOS_20_24,57.04
2024-01-02,2024-01-02,FCR,1,NEGPOS_04_08,98
2024-01-02,2024-01-02,FCR,1,NEGPOS_00_04,94
2024-01-02,2024-01-02,FCR,1,NEGPOS_16_20,60
2024-01-03,2024-01-03,FCR,1,NEGPOS_16_20,67.4
2024-01-03,2024-01-03,FCR,1,NEGPOS_20_24,55.6
2024-01-03,2024-01-03,FCR,1,NEGPOS_12_16,60
2024-01-03,2024-01-03,FCR,1,NEGPOS_08_12,56.4
2024-01-03,2024-01-03,FCR,1,NEGPOS_00_04,94.4
2024-01-03,2024-01-03,FCR,1,NEGPOS_04_08,87.7
2024-01-04,2024-01-04,FCR,1,NEGPOS_16_20,56
2024-01-04,2024-01-04,FCR,1,NEGPOS_20_24,49.6
2024-01-04,2024-01-04,FCR,1,NEGPOS_12_16,54
2024-01-04,2024-01-04,FCR,1,NEGPOS_08_12,56.17
2024-01-04,2024-01-04,FCR,1,NEGPOS_04_08,107.6
2024-01-04,2024-01-04,FCR,1,NEGPOS_00_04,135.6
2024-01-05,2024-01-05,FCR,1,NEGPOS_04_08,65.2
2024-01-05,2024-01-05,FCR,1,NEGPOS_16_20,54.4
2024-01-05,2024-01-05,FCR,1,NEGPOS_00_04,81.4
2024-01-05,2024-01-05,FCR,1,NEGPOS_12_16,42.8
2024-01-05,2024-01-05,FCR,1,NEGPOS_20_24,40.4
2024-01-05,2024-01-05,FCR,1,NEGPOS_08_12,50.04
2024-01-06,2024-01-06,FCR,1,NEGPOS_20_24,37.6
2024-01-06,2024-01-06,FCR,1,NEGPOS_08_12,38.4
2024-01-06,2024-01-06,FCR,1,NEGPOS_16_20,41.13
2024-01-06,2024-01-06,FCR,1,NEGPOS_00_04,69.62
2024-01-06,2024-01-06,FCR,1,NEGPOS_04_08,56.04
2024-01-06,2024-01-06,FCR,1,NEGPOS_12_16,36.35
2024-01-07,2024-01-07,FCR,1,NEGPOS_20_24,35.6
2024-01-07,2024-01-07,FCR,1,NEGPOS_00_04,54.95
2024-01-07,2024-01-07,FCR,1,NEGPOS_04_08,58
2024-01-07,2024-01-07,FCR,1,NEGPOS_16_20,43.54
2024-01-07,2024-01-07,FCR,1,NEGPOS_08_12,38.86
2024-01-07,2024-01-07,FCR,1,NEGPOS_12_16,34.12
2024-01-08,2024-01-08,FCR,1,NEGPOS_00_04,50.3
2024-01-08,2024-01-08,FCR,1,NEGPOS_04_08,67.2
2024-01-08,2024-01-08,FCR,1,NEGPOS_08_12,40.5
2024-01-08,2024-01-08,FCR,1,NEGPOS_16_20,40
2024-01-08,2024-01-08,FCR,1,NEGPOS_12_16,37.02
2024-01-08,2024-01-08,FCR,1,NEGPOS_20_24,34.38
2024-01-09,2024-01-09,FCR,1,NEGPOS_16_20,52.91
2024-01-09,2024-01-09,FCR,1,NEGPOS_20_24,34
2024-01-09,2024-01-09,FCR,1,NEGPOS_12_16,33.2
2024-01-09,2024-01-09,FCR,1,NEGPOS_04_08,46.19
2024-01-09,2024-01-09,FCR,1,NEGPOS_08_12,36.28
2024-01-09,2024-01-09,FCR,1,NEGPOS_00_04,40.5
2024-01-10,2024-01-10,FCR,1,NEGPOS_00_04,37
2024-01-10,2024-01-10,FCR,1,NEGPOS_08_12,55.52
2024-01-10,2024-01-10,FCR,1,NEGPOS_20_24,29.12
2024-01-10,2024-01-10,FCR,1,NEGPOS_16_20,56.8
2024-01-10,2024-01-10,FCR,1,NEGPOS_04_08,54.64
2024-01-10,2024-01-10,FCR,1,NEGPOS_12_16,38.52
2024-01-11,2024-01-11,FCR,1,NEGPOS_12_16,28
2024-01-11,2024-01-11,FCR,1,NEGPOS_00_04,32.8
2024-01-11,2024-01-11,FCR,1,NEGPOS_04_08,36.79
2024-01-11,2024-01-11,FCR,1,NEGPOS_16_20,55.2
2024-01-11,2024-01-11,FCR,1,NEGPOS_20_24,27.2
2024-01-11,2024-01-11,FCR,1,NEGPOS_08_12,35.14
2024-01-12,2024-01-12,FCR,1,NEGPOS_12_16,25.83
2024-01-12,2024-01-12,FCR,1,NEGPOS_04_08,33.2
2024-01-12,2024-01-12,FCR,1,NEGPOS_00_04,26.79
2024-01-12,2024-01-12,FCR,1,NEGPOS_08_12,39.64
2024-01-12,2024-01-12,FCR,1,NEGPOS_20_24,25.6
2024-01-12,2024-01-12,FCR,1,NEGPOS_16_20,54.29
2024-01-13,2024-01-13,FCR,1,NEGPOS_04_08,44.1
2024-01-13,2024-01-13,FCR,1,NEGPOS_12_16,40.04
2024-01-13,2024-01-13,FCR,1,NEGPOS_00_04,41.8
2024-01-13,2024-01-13,FCR,1,NEGPOS_20_24,34.37
2024-01-13,2024-01-13,FCR,1,NEGPOS_08_12,35.31
2024-01-13,2024-01-13,FCR,1,NEGPOS_16_20,34.3
2024-01-14,2024-01-14,FCR,1,NEGPOS_04_08,31.66
2024-01-14,2024-01-14,FCR,1,NEGPOS_12_16,27.2
2024-01-14,2024-01-14,FCR,1,NEGPOS_16_20,31.66
2024-01-14,2024-01-14,FCR,1,NEGPOS_20_24,30.68
2024-01-14,2024-01-14,FCR,1,NEGPOS_00_04,29.47
2024-01-14,2024-01-14,FCR,1,NEGPOS_08_12,36
2024-01-15,2024-01-15,FCR,1,NEGPOS_08_12,32.03
2024-01-15,2024-01-15,FCR,1,NEGPOS_00_04,36.4
2024-01-15,2024-01-15,FCR,1,NEGPOS_12_16,27.14
2024-01-15,2024-01-15,FCR,1,NEGPOS_20_24,27.16
2024-01-15,2024-01-15,FCR,1,NEGPOS_04_08,33.01
2024-01-15,2024-01-15,FCR,1,NEGPOS_16_20,37.5
2024-01-16,2024-01-16,FCR,1,NEGPOS_16_20,41.43
2024-01-16,2024-01-16,FCR,1,NEGPOS_04_08,34.81
2024-01-16,2024-01-16,FCR,1,NEGPOS_12_16,29.14
2024-01-16,2024-01-16,FCR,1,NEGPOS_08_12,36.65
2024-01-16,2024-01-16,FCR,1,NEGPOS_20_24,24.68
2024-01-16,2024-01-16,FCR,1,NEGPOS_00_04,35.23
2024-01-17,2024-01-17,FCR,1,NEGPOS_04_08,39.87
2024-01-17,2024-01-17,FCR,1,NEGPOS_20_24,23.97
2024-01-17,2024-01-17,FCR,1,NEGPOS_16_20,44.53
2024-01-17,2024-01-17,FCR,1,NEGPOS_12_16,25.92
2024-01-17,2024-01-17,FCR,1,NEGPOS_08_12,34.27
2024-01-17,2024-01-17,FCR,1,NEGPOS_00_04,29.05
2024-01-18,2024-01-18,FCR,1,NEGPOS_12_16,22.7
2024-01-18,2024-01-18,FCR,1,NEGPOS_04_08,30.53
2024-01-18,2024-01-18,FCR,1,NEGPOS_08_12,31.86
2024-01-18,2024-01-18,FCR,1,NEGPOS_16_20,48.2
2024-01-18,2024-01-18,FCR,1,NEGPOS_20_24,24.55
2024-01-18,2024-01-18,FCR,1,NEGPOS_00_04,27.33
2024-01-19,2024-01-19,FCR,1,NEGPOS_00_04,30.08
2024-01-19,2024-01-19,FCR,1,NEGPOS_20_24,24.03
2024-01-19,2024-01-19,FCR,1,NEGPOS_12_16,24.8
2024-01-19,2024-01-19,FCR,1,NEGPOS_08_12,40
2024-01-19,2024-01-19,FCR,1,NEGPOS_04_08,38
2024-01-19,2024-01-19,FCR,1,NEGPOS_16_20,45.91
2024-01-20,2024-01-20,FCR,1,NEGPOS_12_16,25.38
2024-01-20,2024-01-20,FCR,1,NEGPOS_00_04,32
2024-01-20,2024-01-20,FCR,1,NEGPOS_04_08,31.09
2024-01-20,2024-01-20,FCR,1,NEGPOS_08_12,26
2024-01-20,2024-01-20,FCR,1,NEGPOS_20_24,27.82
2024-01-20,2024-01-20,FCR,1,NEGPOS_16_20,26.24
2024-01-21,2024-01-21,FCR,1,NEGPOS_08_12,37.75
2024-01-21,2024-01-21,FCR,1,NEGPOS_20_24,29.66
2024-01-21,2024-01-21,FCR,1,NEGPOS_16_20,34.08
2024-01-21,2024-01-21,FCR,1,NEGPOS_12_16,31.9
2024-01-21,2024-01-21,FCR,1,NEGPOS_04_08,38.83
2024-01-21,2024-01-21,FCR,1,NEGPOS_00_04,39.66
2024-01-22,2024-01-22,FCR,1,NEGPOS_04_08,40.39
2024-01-22,2024-01-22,FCR,1,NEGPOS_12_16,32.15
2024-01-22,2024-01-22,FCR,1,NEGPOS_16_20,43.44
2024-01-22,2024-01-22,FCR,1,NEGPOS_08_12,37.66
2024-01-22,2024-01-22,FCR,1,NEGPOS_20_24,31.39
2024-01-22,2024-01-22,FCR,1,NEGPOS_00_04,39.81
2024-01-23,2024-01-23,FCR,1,NEGPOS_16_20,39.29
2024-01-23,2024-01-23,FCR,1,NEGPOS_04_08,52.93
2024-01-23,2024-01-23,FCR,1,NEGPOS_12_16,35.95
2024-01-23,2024-01-23,FCR,1,NEGPOS_08_12,37.66
2024-01-23,2024-01-23,FCR,1,NEGPOS_00_04,50
2024-01-23,2024-01-23,FCR,1,NEGPOS_20_24,37.15
2024-01-24,2024-01-24,FCR,1,NEGPOS_04_08,53.92
2024-01-24,2024-01-24,FCR,1,NEGPOS_16_20,46.19
2024-01-24,2024-01-24,FCR,1,NEGPOS_08_12,39.56
2024-01-24,2024-01-24,FCR,1,NEGPOS_20_24,40
2024-01-24,2024-01-24,FCR,1,NEGPOS_00_04,59.66
2024-01-24,2024-01-24,FCR,1,NEGPOS_12_16,37.71
2024-01-25,2024-01-25,FCR,1,NEGPOS_04_08,65.6
2024-01-25,2024-01-25,FCR,1,NEGPOS_20_24,30.36
2024-01-25,2024-01-25,FCR,1,NEGPOS_00_04,86.3
2024-01-25,2024-01-25,FCR,1,NEGPOS_16_20,41.31
2024-01-25,2024-01-25,FCR,1,NEGPOS_12_16,31.88
2024-01-25,2024-01-25,FCR,1,NEGPOS_08_12,32.03
2024-01-26,2024-01-26,FCR,1,NEGPOS_12_16,34.52
2024-01-26,2024-01-26,FCR,1,NEGPOS_08_12,35.45
2024-01-26,2024-01-26,FCR,1,NEGPOS_00_04,58.99
2024-01-26,2024-01-26,FCR,1,NEGPOS_20_24,35.15
2024-01-26,2024-01-26,FCR,1,NEGPOS_04_08,48.71
2024-01-26,2024-01-26,FCR,1,NEGPOS_16_20,46.21
2024-01-27,2024-01-27,FCR,1,NEGPOS_00_04,54.11
2024-01-27,2024-01-27,FCR,1,NEGPOS_20_24,34
2024-01-27,2024-01-27,FCR,1,NEGPOS_12_16,35.13
2024-01-27,2024-01-27,FCR,1,NEGPOS_08_12,44
2024-01-27,2024-01-27,FCR,1,NEGPOS_16_20,34.51
2024-01-27,2024-01-27,FCR,1,NEGPOS_04_08,47.27
2024-01-28,2024-01-28,FCR,1,NEGPOS_16_20,38.88
2024-01-28,2024-01-28,FCR,1,NEGPOS_20_24,32.14
2024-01-28,2024-01-28,FCR,1,NEGPOS_04_08,40.45
2024-01-28,2024-01-28,FCR,1,NEGPOS_08_12,36.03
2024-01-28,2024-01-28,FCR,1,NEGPOS_00_04,48.49
2024-01-28,2024-01-28,FCR,1,NEGPOS_12_16,46.86
2024-01-29,2024-01-29,FCR,1,NEGPOS_20_24,24.56
2024-01-29,2024-01-29,FCR,1,NEGPOS_04_08,48
2024-01-29,2024-01-29,FCR,1,NEGPOS_08_12,31.04
2024-01-29,2024-01-29,FCR,1,NEGPOS_12_16,29.33
2024-01-29,2024-01-29,FCR,1,NEGPOS_16_20,37.99
2024-01-29,2024-01-29,FCR,1,NEGPOS_00_04,41.07
2024-01-30,2024-01-30,FCR,1,NEGPOS_04_08,39.25
2024-01-30,2024-01-30,FCR,1,NEGPOS_00_04,35.67
2024-01-30,2024-01-30,FCR,1,NEGPOS_08_12,33.59
2024-01-30,2024-01-30,FCR,1,NEGPOS_16_20,40.36
2024-01-30,2024-01-30,FCR,1,NEGPOS_20_24,24
2024-01-30,2024-01-30,FCR,1,NEGPOS_12_16,29.81
2024-01-31,2024-01-31,FCR,1,NEGPOS_00_04,33
2024-01-31,2024-01-31,FCR,1,NEGPOS_04_08,36.02
2024-01-31,2024-01-31,FCR,1,NEGPOS_08_12,31.86
2024-01-31,2024-01-31,FCR,1,NEGPOS_12_16,30.74
2024-01-31,2024-01-31,FCR,1,NEGPOS_16_20,27
2024-01-31,2024-01-31,FCR,1,NEGPOS_20_24,26.19
2024-02-01,2024-02-01,FCR,1,NEGPOS_16_20,25.98
2024-02-01,2024-02-01,FCR,1,NEGPOS_08_12,28.34
2024-02-01,2024-02-01,FCR,1,NEGPOS_04_08,33.72
2024-02-01,2024-02-01,FCR,1,NEGPOS_00_04,31.68
2024-02-01,2024-02-01,FCR,1,NEGPOS_20_24,26.36
2024-02-01,2024-02-01,FCR,1,NEGPOS_12_16,26.86
2024-02-02,2024-02-02,FCR,1,NEGPOS_04_08,40.96
2024-02-02,2024-02-02,FCR,1,NEGPOS_20_24,26.49
2024-02-02,2024-02-02,FCR,1,NEGPOS_00_04,30
2024-02-02,2024-02-02,FCR,1,NEGPOS_08_12,32.8
2024-02-02,2024-02-02,FCR,1,NEGPOS_16_20,25.49
2024-02-02,2024-02-02,FCR,1,NEGPOS_12_16,29.8
2024-02-03,2024-02-03,FCR,1,NEGPOS_00_04,77.95
2024-02-03,2024-02-03,FCR,1,NEGPOS_04_08,84.88
2024-02-03,2024-02-03,FCR,1,NEGPOS_08_12,56
2024-02-03,2024-02-03,FCR,1,NEGPOS_20_24,56
2024-02-03,2024-02-03,FCR,1,NEGPOS_16_20,49.85
2024-02-03,2024-02-03,FCR,1,NEGPOS_12_16,75
2024-02-04,2024-02-04,FCR,1,NEGPOS_04_08,56.4
2024-02-04,2024-02-04,FCR,1,NEGPOS_08_12,36.67
2024-02-04,2024-02-04,FCR,1,NEGPOS_16_20,38
2024-02-04,2024-02-04,FCR,1,NEGPOS_20_24,30.67
2024-02-04,2024-02-04,FCR,1,NEGPOS_12_16,32.83
2024-02-04,2024-02-04,FCR,1,NEGPOS_00_04,64.5
2024-02-05,2024-02-05,FCR,1,NEGPOS_16_20,38
2024-02-05,2024-02-05,FCR,1,NEGPOS_08_12,38
2024-02-05,2024-02-05,FCR,1,NEGPOS_04_08,55.2
2024-02-05,2024-02-05,FCR,1,NEGPOS_20_24,33.91
2024-02-05,2024-02-05,FCR,1,NEGPOS_00_04,56.6
2024-02-05,2024-02-05,FCR,1,NEGPOS_12_16,38.7
2024-02-06,2024-02-06,FCR,1,NEGPOS_20_24,32.11
2024-02-06,2024-02-06,FCR,1,NEGPOS_12_16,36
2024-02-06,2024-02-06,FCR,1,NEGPOS_16_20,40.31
2024-02-06,2024-02-06,FCR,1,NEGPOS_00_04,56
2024-02-06,2024-02-06,FCR,1,NEGPOS_08_12,38.4
2024-02-06,2024-02-06,FCR,1,NEGPOS_04_08,56.4
2024-02-07,2024-02-07,FCR,1,NEGPOS_08_12,28.41
2024-02-07,2024-02-07,FCR,1,NEGPOS_12_16,32
2024-02-07,2024-02-07,FCR,1,NEGPOS_00_04,55.64
2024-02-07,2024-02-07,FCR,1,NEGPOS_16_20,38.4
2024-02-07,2024-02-07,FCR,1,NEGPOS_20_24,26.09
2024-02-07,2024-02-07,FCR,1,NEGPOS_04_08,53.8
2024-02-08,2024-02-08,FCR,1,NEGPOS_12_16,22
2024-02-08,2024-02-08,FCR,1,NEGPOS_16_20,30.36
2024-02-08,2024-02-08,FCR,1,NEGPOS_08_12,30
2024-02-08,2024-02-08,FCR,1,NEGPOS_04_08,38.79
2024-02-08,2024-02-08,FCR,1,NEGPOS_00_04,30
2024-02-08,2024-02-08,FCR,1,NEGPOS_20_24,29.21
2024-02-09,2024-02-09,FCR,1,NEGPOS_00_04,40
2024-02-09,2024-02-09,FCR,1,NEGPOS_04_08,39.75
2024-02-09,2024-02-09,FCR,1,NEGPOS_12_16,27.63
2024-02-09,2024-02-09,FCR,1,NEGPOS_08_12,28
2024-02-09,2024-02-09,FCR,1,NEGPOS_16_20,33.55
2024-02-09,2024-02-09,FCR,1,NEGPOS_20_24,26
2024-02-10,2024-02-10,FCR,1,NEGPOS_08_12,25
2024-02-10,2024-02-10,FCR,1,NEGPOS_04_08,36
2024-02-10,2024-02-10,FCR,1,NEGPOS_00_04,35.81
2024-02-10,2024-02-10,FCR,1,NEGPOS_20_24,23.11
2024-02-10,2024-02-10,FCR,1,NEGPOS_12_16,26.78
2024-02-10,2024-02-10,FCR,1,NEGPOS_16_20,28
2024-02-11,2024-02-11,FCR,1,NEGPOS_20_24,21.2
2024-02-11,2024-02-11,FCR,1,NEGPOS_08_12,29.2
2024-02-11,2024-02-11,FCR,1,NEGPOS_12_16,25
2024-02-11,2024-02-11,FCR,1,NEGPOS_16_20,31.83
2024-02-11,2024-02-11,FCR,1,NEGPOS_04_08,34.69
2024-02-11,2024-02-11,FCR,1,NEGPOS_00_04,38.1
2024-02-12,2024-02-12,FCR,2,NEGPOS_04_08,-
2024-02-12,2024-02-12,FCR,2,NEGPOS_20_24,-
2024-02-12,2024-02-12,FCR,2,NEGPOS_16_20,-
2024-02-12,2024-02-12,FCR,2,NEGPOS_08_12,-
2024-02-12,2024-02-12,FCR,2,NEGPOS_12_16,-
2024-02-12,2024-02-12,FCR,2,NEGPOS_00_04,-
2024-02-13,2024-02-13,FCR,1,NEGPOS_12_16,30
2024-02-13,2024-02-13,FCR,1,NEGPOS_20_24,19.68
2024-02-13,2024-02-13,FCR,1,NEGPOS_16_20,38
2024-02-13,2024-02-13,FCR,1,NEGPOS_04_08,36.44
2024-02-13,2024-02-13,FCR,1,NEGPOS_00_04,33.28
2024-02-13,2024-02-13,FCR,1,NEGPOS_08_12,29.69
2024-02-14,2024-02-14,FCR,1,NEGPOS_00_04,30
2024-02-14,2024-02-14,FCR,1,NEGPOS_12_16,21.7
2024-02-14,2024-02-14,FCR,1,NEGPOS_08_12,26.56
2024-02-14,2024-02-14,FCR,1,NEGPOS_16_20,29.27
2024-02-14,2024-02-14,FCR,1,NEGPOS_20_24,19.1
2024-02-14,2024-02-14,FCR,1,NEGPOS_04_08,30.89
2024-02-15,2024-02-15,FCR,1,NEGPOS_08_12,22
2024-02-15,2024-02-15,FCR,1,NEGPOS_00_04,27.2
2024-02-15,2024-02-15,FCR,1,NEGPOS_04_08,27.2
2024-02-15,2024-02-15,FCR,1,NEGPOS_16_20,28.98
2024-02-15,2024-02-15,FCR,1,NEGPOS_20_24,18.4
2024-02-15,2024-02-15,FCR,1,NEGPOS_12_16,18.51
2024-02-16,2024-02-16,FCR,1,NEGPOS_16_20,27.76
2024-02-16,2024-02-16,FCR,1,NEGPOS_08_12,22.53
2024-02-16,2024-02-16,FCR,1,NEGPOS_20_24,18.4
2024-02-16,2024-02-16,FCR,1,NEGPOS_04_08,25.61
2024-02-16,2024-02-16,FCR,1,NEGPOS_00_04,24.63
2024-02-16,2024-02-16,FCR,1,NEGPOS_12_16,18.53
2024-02-17,2024-02-17,FCR,1,NEGPOS_00_04,24.51
2024-02-17,2024-02-17,FCR,1,NEGPOS_16_20,20.11
2024-02-17,2024-02-17,FCR,1,NEGPOS_04_08,22.4
2024-02-17,2024-02-17,FCR,1,NEGPOS_20_24,17.33
2024-02-17,2024-02-17,FCR,1,NEGPOS_12_16,21
2024-02-17,2024-02-17,FCR,1,NEGPOS_08_12,19.1
2024-02-18,2024-02-18,FCR,1,NEGPOS_08_12,29.33
2024-02-18,2024-02-18,FCR,1,NEGPOS_04_08,25
2024-02-18,2024-02-18,FCR,1,NEGPOS_12_16,35.2
2024-02-18,2024-02-18,FCR,1,NEGPOS_00_04,22.72
2024-02-18,2024-02-18,FCR,1,NEGPOS_16_20,23.36
2024-02-18,2024-02-18,FCR,1,NEGPOS_20_24,18.4
2024-02-19,2024-02-19,FCR,1,NEGPOS_12_16,25.36
2024-02-19,2024-02-19,FCR,1,NEGPOS_08_12,23.36
2024-02-19,2024-02-19,FCR,1,NEGPOS_04_08,24
2024-02-19,2024-02-19,FCR,1,NEGPOS_00_04,25
2024-02-19,2024-02-19,FCR,1,NEGPOS_20_24,19.1
2024-02-19,2024-02-19,FCR,1,NEGPOS_16_20,31.6
2024-02-20,2024-02-20,FCR,1,NEGPOS_20_24,19.1
2024-02-20,2024-02-20,FCR,1,NEGPOS_16_20,33.95
2024-02-20,2024-02-20,FCR,1,NEGPOS_04_08,27.2
2024-02-20,2024-02-20,FCR,1,NEGPOS_12_16,40
2024-02-20,2024-02-20,FCR,1,NEGPOS_08_12,28.41
2024-02-20,2024-02-20,FCR,1,NEGPOS_00_04,29.5
2024-02-21,2024-02-21,FCR,1,NEGPOS_00_04,43.92
2024-02-21,2024-02-21,FCR,1,NEGPOS_16_20,32.19
2024-02-21,2024-02-21,FCR,1,NEGPOS_04_08,36.26
2024-02-21,2024-02-21,FCR,1,NEGPOS_20_24,22.96
2024-02-21,2024-02-21,FCR,1,NEGPOS_12_16,30.4
2024-02-21,2024-02-21,FCR,1,NEGPOS_08_12,29.36
2024-02-22,2024-02-22,FCR,1,NEGPOS_20_24,44.6
2024-02-22,2024-02-22,FCR,1,NEGPOS_16_20,35.06
2024-02-22,2024-02-22,FCR,1,NEGPOS_12_16,32.36
2024-02-22,2024-02-22,FCR,1,NEGPOS_08_12,24
2024-02-22,2024-02-22,FCR,1,NEGPOS_04_08,38.77
2024-02-22,2024-02-22,FCR,1,NEGPOS_00_04,38.89
2024-02-23,2024-02-23,FCR,1,NEGPOS_00_04,55.6
2024-02-23,2024-02-23,FCR,1,NEGPOS_20_24,32
2024-02-23,2024-02-23,FCR,1,NEGPOS_16_20,34.43
2024-02-23,2024-02-23,FCR,1,NEGPOS_12_16,40.51
2024-02-23,2024-02-23,FCR,1,NEGPOS_08_12,32
2024-02-23,2024-02-23,FCR,1,NEGPOS_04_08,66.11
2024-02-24,2024-02-24,FCR,1,NEGPOS_08_12,32.68
2024-02-24,2024-02-24,FCR,1,NEGPOS_04_08,49.1
2024-02-24,2024-02-24,FCR,1,NEGPOS_12_16,41.66
2024-02-24,2024-02-24,FCR,1,NEGPOS_00_04,47.4
2024-02-24,2024-02-24,FCR,1,NEGPOS_16_20,29.6
2024-02-24,2024-02-24,FCR,1,NEGPOS_20_24,32
2024-02-25,2024-02-25,FCR,1,NEGPOS_16_20,31.7
2024-02-25,2024-02-25,FCR,1,NEGPOS_04_08,31.96
2024-02-25,2024-02-25,FCR,1,NEGPOS_12_16,41.61
2024-02-25,2024-02-25,FCR,1,NEGPOS_00_04,44.8
2024-02-25,2024-02-25,FCR,1,NEGPOS_20_24,27.92
2024-02-25,2024-02-25,FCR,1,NEGPOS_08_12,34.28
2024-02-26,2024-02-26,FCR,1,NEGPOS_04_08,32
2024-02-26,2024-02-26,FCR,1,NEGPOS_08_12,22
2024-02-26,2024-02-26,FCR,1,NEGPOS_00_04,25.83
2024-02-26,2024-02-26,FCR,1,NEGPOS_12_16,27.99
2024-02-26,2024-02-26,FCR,1,NEGPOS_20_24,20.44
2024-02-26,2024-02-26,FCR,1,NEGPOS_16_20,29.13
2024-02-27,2024-02-27,FCR,1,NEGPOS_16_20,34.8
2024-02-27,2024-02-27,FCR,1,NEGPOS_08_12,19
2024-02-27,2024-02-27,FCR,1,NEGPOS_12_16,19
2024-02-27,2024-02-27,FCR,1,NEGPOS_00_04,19.2
2024-02-27,2024-02-27,FCR,1,NEGPOS_04_08,18.4
2024-02-27,2024-02-27,FCR,1,NEGPOS_20_24,18.4
2024-02-28,2024-02-28,FCR,1,NEGPOS_12_16,19.07
2024-02-28,2024-02-28,FCR,1,NEGPOS_16_20,55.2
2024-02-28,2024-02-28,FCR,1,NEGPOS_20_24,18.4
2024-02-28,2024-02-28,FCR,1,NEGPOS_08_12,21.6
2024-02-28,2024-02-28,FCR,1,NEGPOS_00_04,19.18
2024-02-28,2024-02-28,FCR,1,NEGPOS_04_08,19.1
2024-02-29,2024-02-29,FCR,1,NEGPOS_04_08,54.22
2024-02-29,2024-02-29,FCR,1,NEGPOS_20_24,40.5
2024-02-29,2024-02-29,FCR,1,NEGPOS_12_16,54
2024-02-29,2024-02-29,FCR,1,NEGPOS_08_12,36
2024-02-29,2024-02-29,FCR,1,NEGPOS_00_04,68
2024-02-29,2024-02-29,FCR,1,NEGPOS_16_20,45.68
2024-03-01,2024-03-01,FCR,1,NEGPOS_08_12,23.6
2024-03-01,2024-03-01,FCR,1,NEGPOS_20_24,24
2024-03-01,2024-03-01,FCR,1,NEGPOS_00_04,26.3
2024-03-01,2024-03-01,FCR,1,NEGPOS_04_08,23
2024-03-01,2024-03-01,FCR,1,NEGPOS_16_20,26.44
2024-03-01,2024-03-01,FCR,1,NEGPOS_12_16,24.43
2024-03-02,2024-03-02,FCR,1,NEGPOS_12_16,21.7
2024-03-02,2024-03-02,FCR,1,NEGPOS_08_12,20.65
2024-03-02,2024-03-02,FCR,1,NEGPOS_00_04,21.36
2024-03-02,2024-03-02,FCR,1,NEGPOS_04_08,20.9
2024-03-02,2024-03-02,FCR,1,NEGPOS_16_20,21.92
2024-03-02,2024-03-02,FCR,1,NEGPOS_20_24,19.1
2024-03-03,2024-03-03,FCR,1,NEGPOS_04_08,19.95
2024-03-03,2024-03-03,FCR,1,NEGPOS_16_20,28.07
2024-03-03,2024-03-03,FCR,1,NEGPOS_08_12,25
2024-03-03,2024-03-03,FCR,1,NEGPOS_20_24,18.86
2024-03-03,2024-03-03,FCR,1,NEGPOS_00_04,22.35
2024-03-03,2024-03-03,FCR,1,NEGPOS_12_16,29.18
2024-03-04,2024-03-04,FCR,1,NEGPOS_20_24,18.25
2024-03-04,2024-03-04,FCR,1,NEGPOS_16_20,36.94
2024-03-04,2024-03-04,FCR,1,NEGPOS_00_04,22.27
2024-03-04,2024-03-04,FCR,1,NEGPOS_04_08,22.91
2024-03-04,2024-03-04,FCR,1,NEGPOS_08_12,56
2024-03-04,2024-03-04,FCR,1,NEGPOS_12_16,22
2024-03-05,2024-03-05,FCR,1,NEGPOS_16_20,39.1
2024-03-05,2024-03-05,FCR,1,NEGPOS_20_24,18.4
2024-03-05,2024-03-05,FCR,1,NEGPOS_00_04,22.49
2024-03-05,2024-03-05,FCR,1,NEGPOS_12_16,19.1
2024-03-05,2024-03-05,FCR,1,NEGPOS_08_12,21.19
2024-03-05,2024-03-05,FCR,1,NEGPOS_04_08,21.1
2024-03-06,2024-03-06,FCR,1,NEGPOS_16_20,38
2024-03-06,2024-03-06,FCR,1,NEGPOS_20_24,18
2024-03-06,2024-03-06,FCR,1,NEGPOS_04_08,19.64
2024-03-06,2024-03-06,FCR,1,NEGPOS_08_12,19.1
2024-03-06,2024-03-06,FCR,1,NEGPOS_12_16,19.1
2024-03-06,2024-03-06,FCR,1,NEGPOS_00_04,18.4
2024-03-07,2024-03-07,FCR,1,NEGPOS_12_16,30.5
2024-03-07,2024-03-07,FCR,1,NEGPOS_16_20,38
2024-03-07,2024-03-07,FCR,1,NEGPOS_08_12,27.31
2024-03-07,2024-03-07,FCR,1,NEGPOS_00_04,20
2024-03-07,2024-03-07,FCR,1,NEGPOS_04_08,21.93
2024-03-07,2024-03-07,FCR,1,NEGPOS_20_24,18.4
2024-03-08,2024-03-08,FCR,1,NEGPOS_12_16,42
2024-03-08,2024-03-08,FCR,1,NEGPOS_16_20,35.86
2024-03-08,2024-03-08,FCR,1,NEGPOS_04_08,24.29
2024-03-08,2024-03-08,FCR,1,NEGPOS_08_12,27.59
2024-03-08,2024-03-08,FCR,1,NEGPOS_00_04,20
2024-03-08,2024-03-08,FCR,1,NEGPOS_20_24,20.2
2024-03-09,2024-03-09,FCR,1,NEGPOS_04_08,22
2024-03-09,2024-03-09,FCR,1,NEGPOS_00_04,22.26
2024-03-09,2024-03-09,FCR,1,NEGPOS_08_12,39.4
2024-03-09,2024-03-09,FCR,1,NEGPOS_16_20,37.77
2024-03-09,2024-03-09,FCR,1,NEGPOS_20_24,27.72
2024-03-09,2024-03-09,FCR,1,NEGPOS_12_16,54
2024-03-10,2024-03-10,FCR,1,NEGPOS_16_20,37.81
2024-03-10,2024-03-10,FCR,1,NEGPOS_12_16,55.6
2024-03-10,2024-03-10,FCR,1,NEGPOS_08_12,40
2024-03-10,2024-03-10,FCR,1,NEGPOS_20_24,25
2024-03-10,2024-03-10,FCR,1,NEGPOS_04_08,24
2024-03-10,2024-03-10,FCR,1,NEGPOS_00_04,27.38
2024-03-11,2024-03-11,FCR,1,NEGPOS_12_16,39.57
2024-03-11,2024-03-11,FCR,1,NEGPOS_16_20,40.28
2024-03-11,2024-03-11,FCR,1,NEGPOS_20_24,21.1
2024-03-11,2024-03-11,FCR,1,NEGPOS_08_12,34
2024-03-11,2024-03-11,FCR,1,NEGPOS_04_08,27.66
2024-03-11,2024-03-11,FCR,1,NEGPOS_00_04,35.52
2024-03-12,2024-03-12,FCR,1,NEGPOS_04_08,25.04
2024-03-12,2024-03-12,FCR,1,NEGPOS_20_24,21.6
2024-03-12,2024-03-12,FCR,1,NEGPOS_00_04,19.5
2024-03-12,2024-03-12,FCR,1,NEGPOS_08_12,56
2024-03-12,2024-03-12,FCR,1,NEGPOS_12_16,29.9
2024-03-12,2024-03-12,FCR,1,NEGPOS_16_20,41.6
2024-03-13,2024-03-13,FCR,1,NEGPOS_00_04,20.09
2024-03-13,2024-03-13,FCR,1,NEGPOS_20_24,19.1
2024-03-13,2024-03-13,FCR,1,NEGPOS_08_12,22.1
2024-03-13,2024-03-13,FCR,1,NEGPOS_12_16,24.1
2024-03-13,2024-03-13,FCR,1,NEGPOS_16_20,42.01
2024-03-13,2024-03-13,FCR,1,NEGPOS_04_08,23.6
2024-03-14,2024-03-14,FCR,1,NEGPOS_08_12,27.38
2024-03-14,2024-03-14,FCR,1,NEGPOS_20_24,19.1
2024-03-14,2024-03-14,FCR,1,NEGPOS_00_04,21.46
2024-03-14,2024-03-14,FCR,1,NEGPOS_16_20,38.83
2024-03-14,2024-03-14,FCR,1,NEGPOS_04_08,22.18
2024-03-14,2024-03-14,FCR,1,NEGPOS_12_16,24.72
2024-03-15,2024-03-15,FCR,1,NEGPOS_00_04,19.1
2024-03-15,2024-03-15,FCR,1,NEGPOS_08_12,25.92
2024-03-15,2024-03-15,FCR,1,NEGPOS_04_08,19.1
2024-03-15,2024-03-15,FCR,1,NEGPOS_12_16,30.48
2024-03-15,2024-03-15,FCR,1,NEGPOS_16_20,34
2024-03-15,2024-03-15,FCR,1,NEGPOS_20_24,19.04
2024-03-16,2024-03-16,FCR,1,NEGPOS_04_08,22.27
2024-03-16,2024-03-16,FCR,1,NEGPOS_08_12,27.21
2024-03-16,2024-03-16,FCR,1,NEGPOS_12_16,39.56
2024-03-16,2024-03-16,FCR,1,NEGPOS_20_24,18.54
2024-03-16,2024-03-16,FCR,1,NEGPOS_16_20,36
2024-03-16,2024-03-16,FCR,1,NEGPOS_00_04,21.17
2024-03-17,2024-03-17,FCR,1,NEGPOS_12_16,45.55
2024-03-17,2024-03-17,FCR,1,NEGPOS_08_12,36
2024-03-17,2024-03-17,FCR,1,NEGPOS_04_08,25.6
2024-03-17,2024-03-17,FCR,1,NEGPOS_16_20,31.52
2024-03-17,2024-03-17,FCR,1,NEGPOS_20_24,20.7
2024-03-17,2024-03-17,FCR,1,NEGPOS_00_04,29.48
2024-03-18,2024-03-18,FCR,1,NEGPOS_12_16,30.23
2024-03-18,2024-03-18,FCR,1,NEGPOS_04_08,26
2024-03-18,2024-03-18,FCR,1,NEGPOS_00_04,26
2024-03-18,2024-03-18,FCR,1,NEGPOS_16_20,39
2024-03-18,2024-03-18,FCR,1,NEGPOS_20_24,20
2024-03-18,2024-03-18,FCR,1,NEGPOS_08_12,29.3
2024-03-19,2024-03-19,FCR,1,NEGPOS_04_08,20.8
2024-03-19,2024-03-19,FCR,1,NEGPOS_20_24,21
2024-03-19,2024-03-19,FCR,1,NEGPOS_00_04,26.1
2024-03-19,2024-03-19,FCR,1,NEGPOS_12_16,30
2024-03-19,2024-03-19,FCR,1,NEGPOS_16_20,39.56
2024-03-19,2024-03-19,FCR,1,NEGPOS_08_12,28.76
2024-03-20,2024-03-20,FCR,2,NEGPOS_08_12,-
2024-03-20,2024-03-20,FCR,2,NEGPOS_00_04,-
2024-03-20,2024-03-20,FCR,2,NEGPOS_04_08,-
2024-03-20,2024-03-20,FCR,2,NEGPOS_20_24,-
2024-03-20,2024-03-20,FCR,2,NEGPOS_16_20,-
2024-03-20,2024-03-20,FCR,2,NEGPOS_12_16,-
2024-03-21,2024-03-21,FCR,1,NEGPOS_04_08,24
2024-03-21,2024-03-21,FCR,1,NEGPOS_12_16,34.1
2024-03-21,2024-03-21,FCR,1,NEGPOS_20_24,24.1
2024-03-21,2024-03-21,FCR,1,NEGPOS_00_04,20.45
2024-03-21,2024-03-21,FCR,1,NEGPOS_08_12,35.75
2024-03-21,2024-03-21,FCR,1,NEGPOS_16_20,52
2024-03-22,2024-03-22,FCR,1,NEGPOS_20_24,24.9
2024-03-22,2024-03-22,FCR,1,NEGPOS_00_04,20.06
2024-03-22,2024-03-22,FCR,1,NEGPOS_16_20,51
2024-03-22,2024-03-22,FCR,1,NEGPOS_08_12,36.33
2024-03-22,2024-03-22,FCR,1,NEGPOS_12_16,32.07
2024-03-22,2024-03-22,FCR,1,NEGPOS_04_08,27.06
2024-03-23,2024-03-23,FCR,1,NEGPOS_20_24,35
2024-03-23,2024-03-23,FCR,1,NEGPOS_08_12,44.8
2024-03-23,2024-03-23,FCR,1,NEGPOS_16_20,56.22
2024-03-23,2024-03-23,FCR,1,NEGPOS_00_04,20.33
2024-03-23,2024-03-23,FCR,1,NEGPOS_04_08,26
2024-03-23,2024-03-23,FCR,1,NEGPOS_12_16,51.6
2024-03-24,2024-03-24,FCR,1,NEGPOS_20_24,32
2024-03-24,2024-03-24,FCR,1,NEGPOS_16_20,70.56
2024-03-24,2024-03-24,FCR,1,NEGPOS_12_16,91.61
2024-03-24,2024-03-24,FCR,1,NEGPOS_08_12,70.73
2024-03-24,2024-03-24,FCR,1,NEGPOS_04_08,39.5
2024-03-24,2024-03-24,FCR,1,NEGPOS_00_04,34.59
2024-03-25,2024-03-25,FCR,1,NEGPOS_00_04,39.36
2024-03-25,2024-03-25,FCR,1,NEGPOS_04_08,40.58
2024-03-25,2024-03-25,FCR,1,NEGPOS_08_12,43.46
2024-03-25,2024-03-25,FCR,1,NEGPOS_20_24,30.93
2024-03-25,2024-03-25,FCR,1,NEGPOS_12_16,36
2024-03-25,2024-03-25,FCR,1,NEGPOS_16_20,64.09
2024-03-26,2024-03-26,FCR,1,NEGPOS_04_08,35.75
2024-03-26,2024-03-26,FCR,1,NEGPOS_16_20,54
2024-03-26,2024-03-26,FCR,1,NEGPOS_00_04,35.45
2024-03-26,2024-03-26,FCR,1,NEGPOS_12_16,57.94
2024-03-26,2024-03-26,FCR,1,NEGPOS_08_12,58.55
2024-03-26,2024-03-26,FCR,1,NEGPOS_20_24,29.93
2024-03-27,2024-03-27,FCR,1,NEGPOS_16_20,55.6
2024-03-27,2024-03-27,FCR,1,NEGPOS_12_16,56
2024-03-27,2024-03-27,FCR,1,NEGPOS_04_08,33.25
2024-03-27,2024-03-27,FCR,1,NEGPOS_08_12,54.04
2024-03-27,2024-03-27,FCR,1,NEGPOS_20_24,31.92
2024-03-27,2024-03-27,FCR,1,NEGPOS_00_04,30.21
2024-03-28,2024-03-28,FCR,2,NEGPOS_16_20,-
2024-03-28,2024-03-28,FCR,2,NEGPOS_12_16,-
2024-03-28,2024-03-28,FCR,2,NEGPOS_08_12,-
2024-03-28,2024-03-28,FCR,2,NEGPOS_04_08,-
2024-03-28,2024-03-28,FCR,2,NEGPOS_00_04,-
2024-03-28,2024-03-28,FCR,2,NEGPOS_20_24,-
2024-03-29,2024-03-29,FCR,1,NEGPOS_00_04,28
2024-03-29,2024-03-29,FCR,1,NEGPOS_08_12,63.66
2024-03-29,2024-03-29,FCR,1,NEGPOS_20_24,31.72
2024-03-29,2024-03-29,FCR,1,NEGPOS_04_08,31.68
2024-03-29,2024-03-29,FCR,1,NEGPOS_16_20,53.1
2024-03-29,2024-03-29,FCR,1,NEGPOS_12_16,88.84
2024-03-30,2024-03-30,FCR,1,NEGPOS_04_08,38.99
2024-03-30,2024-03-30,FCR,1,NEGPOS_00_04,41.23
2024-03-30,2024-03-30,FCR,1,NEGPOS_08_12,58.67
2024-03-30,2024-03-30,FCR,1,NEGPOS_16_20,57.2
2024-03-30,2024-03-30,FCR,1,NEGPOS_12_16,91.96
2024-03-30,2024-03-30,FCR,1,NEGPOS_20_24,33.86
2024-03-31,2024-03-31,FCR,1,NEGPOS_04_08,36.63
2024-03-31,2024-03-31,FCR,1,NEGPOS_08_12,63.72
2024-03-31,2024-03-31,FCR,1,NEGPOS_00_04,39.48
2024-03-31,2024-03-31,FCR,1,NEGPOS_16_20,61.95
2024-03-31,2024-03-31,FCR,1,NEGPOS_20_24,38.34
2024-03-31,2024-03-31,FCR,1,NEGPOS_12_16,98.84
2024-04-01,2024-04-01,FCR,2,NEGPOS_00_04,-
2024-04-01,2024-04-01,FCR,2,NEGPOS_04_08,-
2024-04-01,2024-04-01,FCR,2,NEGPOS_12_16,-
2024-04-01,2024-04-01,FCR,2,NEGPOS_20_24,-
2024-04-01,2024-04-01,FCR,2,NEGPOS_08_12,-
2024-04-01,2024-04-01,FCR,2,NEGPOS_16_20,-
2024-04-02,2024-04-02,FCR,1,NEGPOS_12_16,99.53
2024-04-02,2024-04-02,FCR,1,NEGPOS_20_24,38.16
2024-04-02,2024-04-02,FCR,1,NEGPOS_00_04,44.24
2024-04-02,2024-04-02,FCR,1,NEGPOS_04_08,40.1
2024-04-02,2024-04-02,FCR,1,NEGPOS_08_12,61
2024-04-02,2024-04-02,FCR,1,NEGPOS_16_20,68.74
2024-04-03,2024-04-03,FCR,1,NEGPOS_00_04,51.71
2024-04-03,2024-04-03,FCR,1,NEGPOS_16_20,63.5
2024-04-03,2024-04-03,FCR,1,NEGPOS_08_12,67.56
2024-04-03,2024-04-03,FCR,1,NEGPOS_12_16,110
2024-04-03,2024-04-03,FCR,1,NEGPOS_04_08,43.54
2024-04-03,2024-04-03,FCR,1,NEGPOS_20_24,39.36
2024-04-04,2024-04-04,FCR,1,NEGPOS_16_20,61.64
2024-04-04,2024-04-04,FCR,1,NEGPOS_08_12,70.44
2024-04-04,2024-04-04,FCR,1,NEGPOS_04_08,44.9
2024-04-04,2024-04-04,FCR,1,NEGPOS_00_04,44
2024-04-04,2024-04-04,FCR,1,NEGPOS_12_16,118.3
2024-04-04,2024-04-04,FCR,1,NEGPOS_20_24,39.36
2024-04-05,2024-04-05,FCR,1,NEGPOS_12_16,74
2024-04-05,2024-04-05,FCR,1,NEGPOS_20_24,38.6
2024-04-05,2024-04-05,FCR,1,NEGPOS_00_04,38.88
2024-04-05,2024-04-05,FCR,1,NEGPOS_16_20,51.24
2024-04-05,2024-04-05,FCR,1,NEGPOS_04_08,36.72
2024-04-05,2024-04-05,FCR,1,NEGPOS_08_12,51.56
2024-04-06,2024-04-06,FCR,1,NEGPOS_16_20,55.2
2024-04-06,2024-04-06,FCR,1,NEGPOS_00_04,35.56
2024-04-06,2024-04-06,FCR,1,NEGPOS_04_08,35.6
2024-04-06,2024-04-06,FCR,1,NEGPOS_12_16,115.63
2024-04-06,2024-04-06,FCR,1,NEGPOS_08_12,57
2024-04-06,2024-04-06,FCR,1,NEGPOS_20_24,35.52
2024-04-07,2024-04-07,FCR,1,NEGPOS_04_08,34.28
2024-04-07,2024-04-07,FCR,1,NEGPOS_12_16,130
2024-04-07,2024-04-07,FCR,1,NEGPOS_16_20,60.76
2024-04-07,2024-04-07,FCR,1,NEGPOS_20_24,32.87
2024-04-07,2024-04-07,FCR,1,NEGPOS_00_04,36.64
2024-04-07,2024-04-07,FCR,1,NEGPOS_08_12,56
2024-04-08,2024-04-08,FCR,1,NEGPOS_04_08,56
2024-04-08,2024-04-08,FCR,1,NEGPOS_00_04,45
2024-04-08,2024-04-08,FCR,1,NEGPOS_16_20,87.5
2024-04-08,2024-04-08,FCR,1,NEGPOS_20_24,55.6
2024-04-08,2024-04-08,FCR,1,NEGPOS_12_16,122.7
2024-04-08,2024-04-08,FCR,1,NEGPOS_08_12,64.87
2024-04-09,2024-04-09,FCR,1,NEGPOS_12_16,81.25
2024-04-09,2024-04-09,FCR,1,NEGPOS_08_12,57.2
2024-04-09,2024-04-09,FCR,1,NEGPOS_04_08,49
2024-04-09,2024-04-09,FCR,1,NEGPOS_20_24,45
2024-04-09,2024-04-09,FCR,1,NEGPOS_16_20,56.4
2024-04-09,2024-04-09,FCR,1,NEGPOS_00_04,48
2024-04-10,2024-04-10,FCR,1,NEGPOS_00_04,104.05
2024-04-10,2024-04-10,FCR,1,NEGPOS_16_20,99.61
2024-04-10,2024-04-10,FCR,1,NEGPOS_20_24,63.92
2024-04-10,2024-04-10,FCR,1,NEGPOS_12_16,145.94
2024-04-10,2024-04-10,FCR,1,NEGPOS_08_12,106.09
2024-04-10,2024-04-10,FCR,1,NEGPOS_04_08,75
2024-04-11,2024-04-11,FCR,1,NEGPOS_04_08,69.11
2024-04-11,2024-04-11,FCR,1,NEGPOS_20_24,62.62
2024-04-11,2024-04-11,FCR,1,NEGPOS_16_20,94
2024-04-11,2024-04-11,FCR,1,NEGPOS_12_16,144.55
2024-04-11,2024-04-11,FCR,1,NEGPOS_08_12,101
2024-04-11,2024-04-11,FCR,1,NEGPOS_00_04,90
2024-04-12,2024-04-12,FCR,1,NEGPOS_20_24,60
2024-04-12,2024-04-12,FCR,1,NEGPOS_16_20,93.92
2024-04-12,2024-04-12,FCR,1,NEGPOS_12_16,139
2024-04-12,2024-04-12,FCR,1,NEGPOS_00_04,69
2024-04-12,2024-04-12,FCR,1,NEGPOS_04_08,59.66
2024-04-12,2024-04-12,FCR,1,NEGPOS_08_12,98.7
2024-04-13,2024-04-13,FCR,1,NEGPOS_00_04,69
2024-04-13,2024-04-13,FCR,1,NEGPOS_12_16,146.9
2024-04-13,2024-04-13,FCR,1,NEGPOS_08_12,155.2
2024-04-13,2024-04-13,FCR,1,NEGPOS_04_08,59.66
2024-04-13,2024-04-13,FCR,1,NEGPOS_16_20,115.95
2024-04-13,2024-04-13,FCR,1,NEGPOS_20_24,60
2024-04-14,2024-04-14,FCR,1,NEGPOS_04_08,100
2024-04-14,2024-04-14,FCR,1,NEGPOS_16_20,122
2024-04-14,2024-04-14,FCR,1,NEGPOS_08_12,191.49
2024-04-14,2024-04-14,FCR,1,NEGPOS_00_04,99.4
2024-04-14,2024-04-14,FCR,1,NEGPOS_20_24,54.91
2024-04-14,2024-04-14,FCR,1,NEGPOS_12_16,288.05
2024-04-15,2024-04-15,FCR,2,NEGPOS_16_20,-
2024-04-15,2024-04-15,FCR,2,NEGPOS_20_24,-
2024-04-15,2024-04-15,FCR,2,NEGPOS_08_12,-
2024-04-15,2024-04-15,FCR,2,NEGPOS_00_04,-
2024-04-15,2024-04-15,FCR,2,NEGPOS_12_16,-
2024-04-15,2024-04-15,FCR,2,NEGPOS_04_08,-
2024-04-16,2024-04-16,FCR,2,NEGPOS_00_04,-
2024-04-16,2024-04-16,FCR,2,NEGPOS_04_08,-
2024-04-16,2024-04-16,FCR,2,NEGPOS_20_24,-
2024-04-16,2024-04-16,FCR,2,NEGPOS_16_20,-
2024-04-16,2024-04-16,FCR,2,NEGPOS_12_16,-
2024-04-16,2024-04-16,FCR,2,NEGPOS_08_12,-
2024-04-17,2024-04-17,FCR,1,NEGPOS_12_16,100
2024-04-17,2024-04-17,FCR,1,NEGPOS_04_08,71.21
2024-04-17,2024-04-17,FCR,1,NEGPOS_20_24,48.6
2024-04-17,2024-04-17,FCR,1,NEGPOS_08_12,82.6
2024-04-17,2024-04-17,FCR,1,NEGPOS_16_20,76
2024-04-17,2024-04-17,FCR,1,NEGPOS_00_04,44
2024-04-18,2024-04-18,FCR,2,NEGPOS_12_16,-
2024-04-18,2024-04-18,FCR,2,NEGPOS_04_08,-
2024-04-18,2024-04-18,FCR,2,NEGPOS_16_20,-
2024-04-18,2024-04-18,FCR,2,NEGPOS_00_04,-
2024-04-18,2024-04-18,FCR,2,NEGPOS_20_24,-
2024-04-18,2024-04-18,FCR,2,NEGPOS_08_12,-
2024-04-19,2024-04-19,FCR,2,NEGPOS_00_04,-
2024-04-19,2024-04-19,FCR,2,NEGPOS_04_08,-
2024-04-19,2024-04-19,FCR,2,NEGPOS_12_16,-
2024-04-19,2024-04-19,FCR,2,NEGPOS_16_20,-
2024-04-19,2024-04-19,FCR,2,NEGPOS_20_24,-
2024-04-19,2024-04-19,FCR,2,NEGPOS_08_12,-
2024-04-20,2024-04-20,FCR,2,NEGPOS_00_04,-
2024-04-20,2024-04-20,FCR,2,NEGPOS_08_12,-
2024-04-20,2024-04-20,FCR,2,NEGPOS_12_16,-
2024-04-20,2024-04-20,FCR,2,NEGPOS_16_20,-
2024-04-20,2024-04-20,FCR,2,NEGPOS_20_24,-
2024-04-20,2024-04-20,FCR,2,NEGPOS_04_08,-
2024-04-21,2024-04-21,FCR,1,NEGPOS_04_08,62
2024-04-21,2024-04-21,FCR,1,NEGPOS_20_24,47.33
2024-04-21,2024-04-21,FCR,1,NEGPOS_16_20,94.8
2024-04-21,2024-04-21,FCR,1,NEGPOS_12_16,127.19
2024-04-21,2024-04-21,FCR,1,NEGPOS_00_04,56.4
2024-04-21,2024-04-21,FCR,1,NEGPOS_08_12,96.8
2024-04-22,2024-04-22,FCR,1,NEGPOS_00_04,47.58
2024-04-22,2024-04-22,FCR,1,NEGPOS_12_16,108.11
2024-04-22,2024-04-22,FCR,1,NEGPOS_08_12,85.99
2024-04-22,2024-04-22,FCR,1,NEGPOS_16_20,77.6
2024-04-22,2024-04-22,FCR,1,NEGPOS_20_24,51.47
2024-04-22,2024-04-22,FCR,1,NEGPOS_04_08,56
2024-04-23,2024-04-23,FCR,1,NEGPOS_00_04,31.68
2024-04-23,2024-04-23,FCR,1,NEGPOS_12_16,79.56
2024-04-23,2024-04-23,FCR,1,NEGPOS_04_08,41.68
2024-04-23,2024-04-23,FCR,1,NEGPOS_20_24,32
2024-04-23,2024-04-23,FCR,1,NEGPOS_16_20,42.78
2024-04-23,2024-04-23,FCR,1,NEGPOS_08_12,57.63
2024-04-24,2024-04-24,FCR,2,NEGPOS_20_24,-
2024-04-24,2024-04-24,FCR,2,NEGPOS_04_08,-
2024-04-24,2024-04-24,FCR,2,NEGPOS_12_16,-
2024-04-24,2024-04-24,FCR,2,NEGPOS_00_04,-
2024-04-24,2024-04-24,FCR,2,NEGPOS_08_12,-
2024-04-24,2024-04-24,FCR,2,NEGPOS_16_20,-
2024-04-25,2024-04-25,FCR,1,NEGPOS_00_04,33.44
2024-04-25,2024-04-25,FCR,1,NEGPOS_08_12,67.92
2024-04-25,2024-04-25,FCR,1,NEGPOS_12_16,67.92
2024-04-25,2024-04-25,FCR,1,NEGPOS_16_20,59.38
2024-04-25,2024-04-25,FCR,1,NEGPOS_20_24,50
2024-04-25,2024-04-25,FCR,1,NEGPOS_04_08,65.82
2024-04-26,2024-04-26,FCR,1,NEGPOS_08_12,74.25
2024-04-26,2024-04-26,FCR,1,NEGPOS_12_16,68.7
2024-04-26,2024-04-26,FCR,1,NEGPOS_00_04,40.39
2024-04-26,2024-04-26,FCR,1,NEGPOS_04_08,68
2024-04-26,2024-04-26,FCR,1,NEGPOS_16_20,74.76
2024-04-26,2024-04-26,FCR,1,NEGPOS_20_24,68
2024-04-27,2024-04-27,FCR,1,NEGPOS_20_24,55.2
2024-04-27,2024-04-27,FCR,1,NEGPOS_12_16,96.8
2024-04-27,2024-04-27,FCR,1,NEGPOS_16_20,87.2
2024-04-27,2024-04-27,FCR,1,NEGPOS_04_08,55
2024-04-27,2024-04-27,FCR,1,NEGPOS_08_12,81.2
2024-04-27,2024-04-27,FCR,1,NEGPOS_00_04,36
2024-04-28,2024-04-28,FCR,1,NEGPOS_16_20,94.47
2024-04-28,2024-04-28,FCR,1,NEGPOS_20_24,66.15
2024-04-28,2024-04-28,FCR,1,NEGPOS_08_12,124.05
2024-04-28,2024-04-28,FCR,1,NEGPOS_12_16,182
2024-04-28,2024-04-28,FCR,1,NEGPOS_00_04,45
2024-04-28,2024-04-28,FCR,1,NEGPOS_04_08,55.6
2024-04-29,2024-04-29,FCR,1,NEGPOS_08_12,79.4
2024-04-29,2024-04-29,FCR,1,NEGPOS_20_24,50.8
2024-04-29,2024-04-29,FCR,1,NEGPOS_00_04,41.08
2024-04-29,2024-04-29,FCR,1,NEGPOS_04_08,51
2024-04-29,2024-04-29,FCR,1,NEGPOS_12_16,135.69
2024-04-29,2024-04-29,FCR,1,NEGPOS_16_20,66.91
2024-04-30,2024-04-30,FCR,1,NEGPOS_08_12,63.16
2024-04-30,2024-04-30,FCR,1,NEGPOS_16_20,55.2
2024-04-30,2024-04-30,FCR,1,NEGPOS_12_16,100.07
2024-04-30,2024-04-30,FCR,1,NEGPOS_00_04,39.6
2024-04-30,2024-04-30,FCR,1,NEGPOS_20_24,45.72
2024-04-30,2024-04-30,FCR,1,NEGPOS_04_08,44.56
2024-05-01,2024-05-01,FCR,1,NEGPOS_16_20,111
2024-05-01,2024-05-01,FCR,1,NEGPOS_08_12,128
2024-05-01,2024-05-01,FCR,1,NEGPOS_20_24,57.2
2024-05-01,2024-05-01,FCR,1,NEGPOS_12_16,180
2024-05-01,2024-05-01,FCR,1,NEGPOS_04_08,56.54
2024-05-01,2024-05-01,FCR,1,NEGPOS_00_04,36
2024-05-02,2024-05-02,FCR,1,NEGPOS_04_08,55.2
2024-05-02,2024-05-02,FCR,1,NEGPOS_20_24,54
2024-05-02,2024-05-02,FCR,1,NEGPOS_00_04,38.11
2024-05-02,2024-05-02,FCR,1,NEGPOS_16_20,87
2024-05-02,2024-05-02,FCR,1,NEGPOS_12_16,166.25
2024-05-02,2024-05-02,FCR,1,NEGPOS_08_12,108
2024-05-03,2024-05-03,FCR,1,NEGPOS_08_12,67.8
2024-05-03,2024-05-03,FCR,1,NEGPOS_16_20,56
2024-05-03,2024-05-03,FCR,1,NEGPOS_00_04,42
2024-05-03,2024-05-03,FCR,1,NEGPOS_04_08,51
2024-05-03,2024-05-03,FCR,1,NEGPOS_20_24,39.2
2024-05-03,2024-05-03,FCR,1,NEGPOS_12_16,120
2024-05-04,2024-05-04,FCR,1,NEGPOS_00_04,38.92
2024-05-04,2024-05-04,FCR,1,NEGPOS_04_08,46.47
2024-05-04,2024-05-04,FCR,1,NEGPOS_16_20,68
2024-05-04,2024-05-04,FCR,1,NEGPOS_12_16,115.38
2024-05-04,2024-05-04,FCR,1,NEGPOS_20_24,43.68
2024-05-04,2024-05-04,FCR,1,NEGPOS_08_12,94
2024-05-05,2024-05-05,FCR,1,NEGPOS_12_16,160
2024-05-05,2024-05-05,FCR,1,NEGPOS_20_24,35
2024-05-05,2024-05-05,FCR,1,NEGPOS_04_08,49.76
2024-05-05,2024-05-05,FCR,1,NEGPOS_00_04,38.4
2024-05-05,2024-05-05,FCR,1,NEGPOS_08_12,100
2024-05-05,2024-05-05,FCR,1,NEGPOS_16_20,87.74
2024-05-06,2024-05-06,FCR,2,NEGPOS_08_12,-
2024-05-06,2024-05-06,FCR,2,NEGPOS_12_16,-
2024-05-06,2024-05-06,FCR,2,NEGPOS_04_08,-
2024-05-06,2024-05-06,FCR,2,NEGPOS_00_04,-
2024-05-06,2024-05-06,FCR,2,NEGPOS_16_20,-
2024-05-06,2024-05-06,FCR,2,NEGPOS_20_24,-
2024-05-07,2024-05-07,FCR,2,NEGPOS_08_12,-
2024-05-07,2024-05-07,FCR,2,NEGPOS_04_08,-
2024-05-07,2024-05-07,FCR,2,NEGPOS_20_24,-
2024-05-07,2024-05-07,FCR,2,NEGPOS_00_04,-
2024-05-07,2024-05-07,FCR,2,NEGPOS_16_20,-
2024-05-07,2024-05-07,FCR,2,NEGPOS_12_16,-
2024-05-08,2024-05-08,FCR,1,NEGPOS_00_04,34
2024-05-08,2024-05-08,FCR,1,NEGPOS_04_08,52.44
2024-05-08,2024-05-08,FCR,1,NEGPOS_12_16,100.52
2024-05-08,2024-05-08,FCR,1,NEGPOS_08_12,78.06
2024-05-08,2024-05-08,FCR,1,NEGPOS_20_24,56.12
2024-05-08,2024-05-08,FCR,1,NEGPOS_16_20,63.54
2024-05-09,2024-05-09,FCR,2,NEGPOS_04_08,-
2024-05-09,2024-05-09,FCR,2,NEGPOS_16_20,-
2024-05-09,2024-05-09,FCR,2,NEGPOS_12_16,-
2024-05-09,2024-05-09,FCR,2,NEGPOS_20_24,-
2024-05-09,2024-05-09,FCR,2,NEGPOS_00_04,-
2024-05-09,2024-05-09,FCR,2,NEGPOS_08_12,-
2024-05-10,2024-05-10,FCR,1,NEGPOS_16_20,89.22
2024-05-10,2024-05-10,FCR,1,NEGPOS_00_04,31.5
2024-05-10,2024-05-10,FCR,1,NEGPOS_20_24,56.55
2024-05-10,2024-05-10,FCR,1,NEGPOS_08_12,99.4
2024-05-10,2024-05-10,FCR,1,NEGPOS_04_08,48.2
2024-05-10,2024-05-10,FCR,1,NEGPOS_12_16,124.26
2024-05-11,2024-05-11,FCR,1,NEGPOS_04_08,50
2024-05-11,2024-05-11,FCR,1,NEGPOS_08_12,166.98
2024-05-11,2024-05-11,FCR,1,NEGPOS_00_04,32.49
2024-05-11,2024-05-11,FCR,1,NEGPOS_20_24,55
2024-05-11,2024-05-11,FCR,1,NEGPOS_12_16,199.8
2024-05-11,2024-05-11,FCR,1,NEGPOS_16_20,93.31
2024-05-12,2024-05-12,FCR,1,NEGPOS_12_16,224.86
2024-05-12,2024-05-12,FCR,1,NEGPOS_20_24,59
2024-05-12,2024-05-12,FCR,1,NEGPOS_04_08,50.52
2024-05-12,2024-05-12,FCR,1,NEGPOS_16_20,116.53
2024-05-12,2024-05-12,FCR,1,NEGPOS_08_12,131.51
2024-05-12,2024-05-12,FCR,1,NEGPOS_00_04,38.52
2024-05-13,2024-05-13,FCR,1,NEGPOS_00_04,38.4
2024-05-13,2024-05-13,FCR,1,NEGPOS_08_12,110
2024-05-13,2024-05-13,FCR,1,NEGPOS_12_16,157
2024-05-13,2024-05-13,FCR,1,NEGPOS_16_20,113.68
2024-05-13,2024-05-13,FCR,1,NEGPOS_20_24,65.08
2024-05-13,2024-05-13,FCR,1,NEGPOS_04_08,50.7
2024-05-14,2024-05-14,FCR,1,NEGPOS_04_08,55.64
2024-05-14,2024-05-14,FCR,1,NEGPOS_08_12,144.88
2024-05-14,2024-05-14,FCR,1,NEGPOS_12_16,173.92
2024-05-14,2024-05-14,FCR,1,NEGPOS_20_24,73.6
2024-05-14,2024-05-14,FCR,1,NEGPOS_16_20,116
2024-05-14,2024-05-14,FCR,1,NEGPOS_00_04,55.2
2024-05-15,2024-05-15,FCR,1,NEGPOS_16_20,124.8
2024-05-15,2024-05-15,FCR,1,NEGPOS_20_24,72
2024-05-15,2024-05-15,FCR,1,NEGPOS_08_12,300
2024-05-15,2024-05-15,FCR,1,NEGPOS_00_04,43.4
2024-05-15,2024-05-15,FCR,1,NEGPOS_12_16,185.06
2024-05-15,2024-05-15,FCR,1,NEGPOS_04_08,62.4
2024-05-16,2024-05-16,FCR,1,NEGPOS_16_20,109.44
2024-05-16,2024-05-16,FCR,1,NEGPOS_20_24,71.88
2024-05-16,2024-05-16,FCR,1,NEGPOS_00_04,41
2024-05-16,2024-05-16,FCR,1,NEGPOS_04_08,71.84
2024-05-16,2024-05-16,FCR,1,NEGPOS_12_16,241.81
2024-05-16,2024-05-16,FCR,1,NEGPOS_08_12,266
2024-05-17,2024-05-17,FCR,1,NEGPOS_16_20,95
2024-05-17,2024-05-17,FCR,1,NEGPOS_12_16,176.21
2024-05-17,2024-05-17,FCR,1,NEGPOS_20_24,57.92
2024-05-17,2024-05-17,FCR,1,NEGPOS_04_08,61.56
2024-05-17,2024-05-17,FCR,1,NEGPOS_00_04,36.44
2024-05-17,2024-05-17,FCR,1,NEGPOS_08_12,118.2
2024-05-18,2024-05-18,FCR,1,NEGPOS_12_16,219.91
2024-05-18,2024-05-18,FCR,1,NEGPOS_16_20,94.67
2024-05-18,2024-05-18,FCR,1,NEGPOS_04_08,55.2
2024-05-18,2024-05-18,FCR,1,NEGPOS_20_24,55.2
2024-05-18,2024-05-18,FCR,1,NEGPOS_00_04,33.24
2024-05-18,2024-05-18,FCR,1,NEGPOS_08_12,164.03
2024-05-19,2024-05-19,FCR,1,NEGPOS_16_20,154.21
2024-05-19,2024-05-19,FCR,1,NEGPOS_04_08,77.2
2024-05-19,2024-05-19,FCR,1,NEGPOS_12_16,300.83
2024-05-19,2024-05-19,FCR,1,NEGPOS_20_24,95.51
2024-05-19,2024-05-19,FCR,1,NEGPOS_00_04,37.45
2024-05-19,2024-05-19,FCR,1,NEGPOS_08_12,215.89
2024-05-20,2024-05-20,FCR,2,NEGPOS_16_20,-
2024-05-20,2024-05-20,FCR,2,NEGPOS_08_12,-
2024-05-20,2024-05-20,FCR,2,NEGPOS_04_08,-
2024-05-20,2024-05-20,FCR,2,NEGPOS_20_24,-
2024-05-20,2024-05-20,FCR,2,NEGPOS_12_16,-
2024-05-20,2024-05-20,FCR,2,NEGPOS_00_04,-
2024-05-21,2024-05-21,FCR,1,NEGPOS_20_24,100
2024-05-21,2024-05-21,FCR,1,NEGPOS_16_20,110.45
2024-05-21,2024-05-21,FCR,1,NEGPOS_08_12,104.55
2024-05-21,2024-05-21,FCR,1,NEGPOS_12_16,205.34
2024-05-21,2024-05-21,FCR,1,NEGPOS_00_04,32.67
2024-05-21,2024-05-21,FCR,1,NEGPOS_04_08,50.2
2024-05-22,2024-05-22,FCR,1,NEGPOS_12_16,195.2
2024-05-22,2024-05-22,FCR,1,NEGPOS_16_20,109.14
2024-05-22,2024-05-22,FCR,1,NEGPOS_00_04,80.42
2024-05-22,2024-05-22,FCR,1,NEGPOS_08_12,134.37
2024-05-22,2024-05-22,FCR,1,NEGPOS_04_08,71.6
2024-05-22,2024-05-22,FCR,1,NEGPOS_20_24,78.7
2024-05-23,2024-05-23,FCR,1,NEGPOS_16_20,81.44
2024-05-23,2024-05-23,FCR,1,NEGPOS_12_16,171.2
2024-05-23,2024-05-23,FCR,1,NEGPOS_20_24,80
2024-05-23,2024-05-23,FCR,1,NEGPOS_00_04,40
2024-05-23,2024-05-23,FCR,1,NEGPOS_04_08,56.44
2024-05-23,2024-05-23,FCR,1,NEGPOS_08_12,96
2024-05-24,2024-05-24,FCR,1,NEGPOS_08_12,71
2024-05-24,2024-05-24,FCR,1,NEGPOS_04_08,44
2024-05-24,2024-05-24,FCR,1,NEGPOS_00_04,31.28
2024-05-24,2024-05-24,FCR,1,NEGPOS_20_24,55.6
2024-05-24,2024-05-24,FCR,1,NEGPOS_16_20,70
2024-05-24,2024-05-24,FCR,1,NEGPOS_12_16,86
2024-05-25,2024-05-25,FCR,1,NEGPOS_16_20,92
2024-05-25,2024-05-25,FCR,1,NEGPOS_20_24,50.8
2024-05-25,2024-05-25,FCR,1,NEGPOS_12_16,135.51
2024-05-25,2024-05-25,FCR,1,NEGPOS_00_04,31.67
2024-05-25,2024-05-25,FCR,1,NEGPOS_08_12,102.22
2024-05-25,2024-05-25,FCR,1,NEGPOS_04_08,41.2
2024-05-26,2024-05-26,FCR,1,NEGPOS_04_08,48.11
2024-05-26,2024-05-26,FCR,1,NEGPOS_20_24,50
2024-05-26,2024-05-26,FCR,1,NEGPOS_00_04,34.54
2024-05-26,2024-05-26,FCR,1,NEGPOS_08_12,130.1
2024-05-26,2024-05-26,FCR,1,NEGPOS_16_20,92.33
2024-05-26,2024-05-26,FCR,1,NEGPOS_12_16,192.6
2024-05-27,2024-05-27,FCR,1,NEGPOS_12_16,104.8
2024-05-27,2024-05-27,FCR,1,NEGPOS_08_12,70.1
2024-05-27,2024-05-27,FCR,1,NEGPOS_16_20,66
2024-05-27,2024-05-27,FCR,1,NEGPOS_20_24,50.8
2024-05-27,2024-05-27,FCR,1,NEGPOS_04_08,42.1
2024-05-27,2024-05-27,FCR,1,NEGPOS_00_04,33.75
2024-05-28,2024-05-28,FCR,1,NEGPOS_04_08,40
2024-05-28,2024-05-28,FCR,1,NEGPOS_08_12,55.6
2024-05-28,2024-05-28,FCR,1,NEGPOS_16_20,60.85
2024-05-28,2024-05-28,FCR,1,NEGPOS_20_24,47
2024-05-28,2024-05-28,FCR,1,NEGPOS_12_16,82
2024-05-28,2024-05-28,FCR,1,NEGPOS_00_04,29.89
2024-05-29,2024-05-29,FCR,1,NEGPOS_16_20,77.92
2024-05-29,2024-05-29,FCR,1,NEGPOS_04_08,46.28
2024-05-29,2024-05-29,FCR,1,NEGPOS_20_24,51
2024-05-29,2024-05-29,FCR,1,NEGPOS_08_12,84.4
2024-05-29,2024-05-29,FCR,1,NEGPOS_12_16,110
2024-05-29,2024-05-29,FCR,1,NEGPOS_00_04,30
2024-05-30,2024-05-30,FCR,1,NEGPOS_00_04,30.36
2024-05-30,2024-05-30,FCR,1,NEGPOS_20_24,46
2024-05-30,2024-05-30,FCR,1,NEGPOS_16_20,57
2024-05-30,2024-05-30,FCR,1,NEGPOS_12_16,88
2024-05-30,2024-05-30,FCR,1,NEGPOS_08_12,73.04
2024-05-30,2024-05-30,FCR,1,NEGPOS_04_08,42.5
2024-05-31,2024-05-31,FCR,1,NEGPOS_04_08,38
2024-05-31,2024-05-31,FCR,1,NEGPOS_16_20,52
2024-05-31,2024-05-31,FCR,1,NEGPOS_08_12,50.5
2024-05-31,2024-05-31,FCR,1,NEGPOS_12_16,77
2024-05-31,2024-05-31,FCR,1,NEGPOS_00_04,28.35
2024-05-31,2024-05-31,FCR,1,NEGPOS_20_24,40
2024-06-01,2024-06-01,FCR,1,NEGPOS_16_20,77.12
2024-06-01,2024-06-01,FCR,1,NEGPOS_20_24,85.12
2024-06-01,2024-06-01,FCR,1,NEGPOS_12_16,110.96
2024-06-01,2024-06-01,FCR,1,NEGPOS_08_12,84.4
2024-06-01,2024-06-01,FCR,1,NEGPOS_04_08,45
2024-06-01,2024-06-01,FCR,1,NEGPOS_00_04,32.4
2024-06-02,2024-06-02,FCR,2,NEGPOS_00_04,-
2024-06-02,2024-06-02,FCR,2,NEGPOS_04_08,-
2024-06-02,2024-06-02,FCR,2,NEGPOS_08_12,-
2024-06-02,2024-06-02,FCR,2,NEGPOS_12_16,-
2024-06-02,2024-06-02,FCR,2,NEGPOS_20_24,-
2024-06-02,2024-06-02,FCR,2,NEGPOS_16_20,-
2024-06-03,2024-06-03,FCR,2,NEGPOS_20_24,-
2024-06-03,2024-06-03,FCR,2,NEGPOS_12_16,-
2024-06-03,2024-06-03,FCR,2,NEGPOS_00_04,-
2024-06-03,2024-06-03,FCR,2,NEGPOS_16_20,-
2024-06-03,2024-06-03,FCR,2,NEGPOS_08_12,-
2024-06-03,2024-06-03,FCR,2,NEGPOS_04_08,-
2024-06-04,2024-06-04,FCR,1,NEGPOS_08_12,97.61
2024-06-04,2024-06-04,FCR,1,NEGPOS_00_04,34
2024-06-04,2024-06-04,FCR,1,NEGPOS_12_16,139.99
2024-06-04,2024-06-04,FCR,1,NEGPOS_20_24,62.09
2024-06-04,2024-06-04,FCR,1,NEGPOS_16_20,66.08
2024-06-04,2024-06-04,FCR,1,NEGPOS_04_08,56.48
2024-06-05,2024-06-05,FCR,1,NEGPOS_20_24,60.55
2024-06-05,2024-06-05,FCR,1,NEGPOS_04_08,54.12
2024-06-05,2024-06-05,FCR,1,NEGPOS_00_04,40
2024-06-05,2024-06-05,FCR,1,NEGPOS_08_12,89.42
2024-06-05,2024-06-05,FCR,1,NEGPOS_12_16,179.6
2024-06-05,2024-06-05,FCR,1,NEGPOS_16_20,165.15
2024-06-06,2024-06-06,FCR,1,NEGPOS_20_24,99
2024-06-06,2024-06-06,FCR,1,NEGPOS_16_20,179
2024-06-06,2024-06-06,FCR,1,NEGPOS_04_08,89
2024-06-06,2024-06-06,FCR,1,NEGPOS_08_12,100
2024-06-06,2024-06-06,FCR,1,NEGPOS_00_04,79
2024-06-06,2024-06-06,FCR,1,NEGPOS_12_16,181
2024-06-07,2024-06-07,FCR,2,NEGPOS_04_08,-
2024-06-07,2024-06-07,FCR,2,NEGPOS_12_16,-
2024-06-07,2024-06-07,FCR,2,NEGPOS_00_04,-
2024-06-07,2024-06-07,FCR,2,NEGPOS_20_24,-
2024-06-07,2024-06-07,FCR,2,NEGPOS_08_12,-
2024-06-07,2024-06-07,FCR,2,NEGPOS_16_20,-
2024-06-08,2024-06-08,FCR,1,NEGPOS_08_12,224
2024-06-08,2024-06-08,FCR,1,NEGPOS_16_20,191.56
2024-06-08,2024-06-08,FCR,1,NEGPOS_00_04,70
2024-06-08,2024-06-08,FCR,1,NEGPOS_20_24,79
2024-06-08,2024-06-08,FCR,1,NEGPOS_12_16,299.8
2024-06-08,2024-06-08,FCR,1,NEGPOS_04_08,92
2024-06-09,2024-06-09,FCR,2,NEGPOS_20_24,-
2024-06-09,2024-06-09,FCR,2,NEGPOS_00_04,-
2024-06-09,2024-06-09,FCR,2,NEGPOS_12_16,-
2024-06-09,2024-06-09,FCR,2,NEGPOS_16_20,-
2024-06-09,2024-06-09,FCR,2,NEGPOS_08_12,-
2024-06-09,2024-06-09,FCR,2,NEGPOS_04_08,-
2024-06-10,2024-06-10,FCR,1,NEGPOS_08_12,133.3
2024-06-10,2024-06-10,FCR,1,NEGPOS_00_04,63.35
2024-06-10,2024-06-10,FCR,1,NEGPOS_04_08,75.92
2024-06-10,2024-06-10,FCR,1,NEGPOS_12_16,231.04
2024-06-10,2024-06-10,FCR,1,NEGPOS_20_24,62
2024-06-10,2024-06-10,FCR,1,NEGPOS_16_20,96
2024-06-11,2024-06-11,FCR,1,NEGPOS_16_20,131.9
2024-06-11,2024-06-11,FCR,1,NEGPOS_20_24,52.17
2024-06-11,2024-06-11,FCR,1,NEGPOS_04_08,73.11
2024-06-11,2024-06-11,FCR,1,NEGPOS_08_12,100
2024-06-11,2024-06-11,FCR,1,NEGPOS_12_16,164.18
2024-06-11,2024-06-11,FCR,1,NEGPOS_00_04,58.79
2024-06-12,2024-06-12,FCR,1,NEGPOS_20_24,59.59
2024-06-12,2024-06-12,FCR,1,NEGPOS_00_04,58.2
2024-06-12,2024-06-12,FCR,1,NEGPOS_04_08,74.1
2024-06-12,2024-06-12,FCR,1,NEGPOS_08_12,156
2024-06-12,2024-06-12,FCR,1,NEGPOS_16_20,106
2024-06-12,2024-06-12,FCR,1,NEGPOS_12_16,172
2024-06-13,2024-06-13,FCR,1,NEGPOS_12_16,130.5
2024-06-13,2024-06-13,FCR,1,NEGPOS_16_20,88
2024-06-13,2024-06-13,FCR,1,NEGPOS_20_24,54.5
2024-06-13,2024-06-13,FCR,1,NEGPOS_04_08,71.92
2024-06-13,2024-06-13,FCR,1,NEGPOS_00_04,40
2024-06-13,2024-06-13,FCR,1,NEGPOS_08_12,100.2
2024-06-14,2024-06-14,FCR,1,NEGPOS_04_08,62.52
2024-06-14,2024-06-14,FCR,1,NEGPOS_08_12,87
2024-06-14,2024-06-14,FCR,1,NEGPOS_00_04,40
2024-06-14,2024-06-14,FCR,1,NEGPOS_16_20,87.92
2024-06-14,2024-06-14,FCR,1,NEGPOS_12_16,112
2024-06-14,2024-06-14,FCR,1,NEGPOS_20_24,48.2
2024-06-15,2024-06-15,FCR,1,NEGPOS_12_16,204.02
2024-06-15,2024-06-15,FCR,1,NEGPOS_08_12,216.52
2024-06-15,2024-06-15,FCR,1,NEGPOS_00_04,50.96
2024-06-15,2024-06-15,FCR,1,NEGPOS_20_24,56.4
2024-06-15,2024-06-15,FCR,1,NEGPOS_16_20,97.83
2024-06-15,2024-06-15,FCR,1,NEGPOS_04_08,70.07
2024-06-16,2024-06-16,FCR,1,NEGPOS_12_16,311.24
2024-06-16,2024-06-16,FCR,1,NEGPOS_16_20,150.18
2024-06-16,2024-06-16,FCR,1,NEGPOS_04_08,71.14
2024-06-16,2024-06-16,FCR,1,NEGPOS_20_24,86.3
2024-06-16,2024-06-16,FCR,1,NEGPOS_00_04,48.72
2024-06-16,2024-06-16,FCR,1,NEGPOS_08_12,188.16
2024-06-17,2024-06-17,FCR,1,NEGPOS_04_08,63.88
2024-06-17,2024-06-17,FCR,1,NEGPOS_12_16,198.52
2024-06-17,2024-06-17,FCR,1,NEGPOS_16_20,97.68
2024-06-17,2024-06-17,FCR,1,NEGPOS_20_24,67
2024-06-17,2024-06-17,FCR,1,NEGPOS_08_12,126
2024-06-17,2024-06-17,FCR,1,NEGPOS_00_04,46.82
2024-06-18,2024-06-18,FCR,1,NEGPOS_20_24,100.12
2024-06-18,2024-06-18,FCR,1,NEGPOS_04_08,71
2024-06-18,2024-06-18,FCR,1,NEGPOS_12_16,178.81
2024-06-18,2024-06-18,FCR,1,NEGPOS_08_12,109
2024-06-18,2024-06-18,FCR,1,NEGPOS_00_04,48.84
2024-06-18,2024-06-18,FCR,1,NEGPOS_16_20,92
2024-06-19,2024-06-19,FCR,1,NEGPOS_04_08,65.36
2024-06-19,2024-06-19,FCR,1,NEGPOS_00_04,44.23
2024-06-19,2024-06-19,FCR,1,NEGPOS_16_20,126.65
2024-06-19,2024-06-19,FCR,1,NEGPOS_20_24,67.51
2024-06-19,2024-06-19,FCR,1,NEGPOS_12_16,206.61
2024-06-19,2024-06-19,FCR,1,NEGPOS_08_12,210
2024-06-20,2024-06-20,FCR,1,NEGPOS_20_24,92.6
2024-06-20,2024-06-20,FCR,1,NEGPOS_00_04,41.76
2024-06-20,2024-06-20,FCR,1,NEGPOS_08_12,141.8
2024-06-20,2024-06-20,FCR,1,NEGPOS_12_16,184
2024-06-20,2024-06-20,FCR,1,NEGPOS_04_08,68.63
2024-06-20,2024-06-20,FCR,1,NEGPOS_16_20,100
2024-06-21,2024-06-21,FCR,1,NEGPOS_16_20,97.85
2024-06-21,2024-06-21,FCR,1,NEGPOS_00_04,41.44
2024-06-21,2024-06-21,FCR,1,NEGPOS_04_08,59.51
2024-06-21,2024-06-21,FCR,1,NEGPOS_12_16,135
2024-06-21,2024-06-21,FCR,1,NEGPOS_20_24,86
2024-06-21,2024-06-21,FCR,1,NEGPOS_08_12,127.6
2024-06-22,2024-06-22,FCR,1,NEGPOS_04_08,66.4
2024-06-22,2024-06-22,FCR,1,NEGPOS_00_04,45.16
2024-06-22,2024-06-22,FCR,1,NEGPOS_08_12,170.24
2024-06-22,2024-06-22,FCR,1,NEGPOS_12_16,232.2
2024-06-22,2024-06-22,FCR,1,NEGPOS_20_24,73.3
2024-06-22,2024-06-22,FCR,1,NEGPOS_16_20,127.2
2024-06-23,2024-06-23,FCR,1,NEGPOS_12_16,245.75
2024-06-23,2024-06-23,FCR,1,NEGPOS_20_24,92.53
2024-06-23,2024-06-23,FCR,1,NEGPOS_04_08,83.61
2024-06-23,2024-06-23,FCR,1,NEGPOS_16_20,119.17
2024-06-23,2024-06-23,FCR,1,NEGPOS_08_12,177.25
2024-06-23,2024-06-23,FCR,1,NEGPOS_00_04,47.08
2024-06-24,2024-06-24,FCR,1,NEGPOS_16_20,112.88
2024-06-24,2024-06-24,FCR,1,NEGPOS_12_16,193.84
2024-06-24,2024-06-24,FCR,1,NEGPOS_20_24,92
2024-06-24,2024-06-24,FCR,1,NEGPOS_04_08,69.2
2024-06-24,2024-06-24,FCR,1,NEGPOS_00_04,47.72
2024-06-24,2024-06-24,FCR,1,NEGPOS_08_12,148.66
2024-06-25,2024-06-25,FCR,1,NEGPOS_00_04,42.03
2024-06-25,2024-06-25,FCR,1,NEGPOS_04_08,69.2
2024-06-25,2024-06-25,FCR,1,NEGPOS_08_12,161.72
2024-06-25,2024-06-25,FCR,1,NEGPOS_20_24,68
2024-06-25,2024-06-25,FCR,1,NEGPOS_16_20,107.3
2024-06-25,2024-06-25,FCR,1,NEGPOS_12_16,173.53
2024-06-26,2024-06-26,FCR,1,NEGPOS_16_20,97.32
2024-06-26,2024-06-26,FCR,1,NEGPOS_20_24,62.67
2024-06-26,2024-06-26,FCR,1,NEGPOS_12_16,160
2024-06-26,2024-06-26,FCR,1,NEGPOS_00_04,37.72
2024-06-26,2024-06-26,FCR,1,NEGPOS_08_12,129.24
2024-06-26,2024-06-26,FCR,1,NEGPOS_04_08,69.2
2024-06-27,2024-06-27,FCR,1,NEGPOS_12_16,114
2024-06-27,2024-06-27,FCR,1,NEGPOS_04_08,49.07
2024-06-27,2024-06-27,FCR,1,NEGPOS_16_20,85
2024-06-27,2024-06-27,FCR,1,NEGPOS_20_24,59.17
2024-06-27,2024-06-27,FCR,1,NEGPOS_08_12,90
2024-06-27,2024-06-27,FCR,1,NEGPOS_00_04,34.29
2024-06-28,2024-06-28,FCR,1,NEGPOS_16_20,84.32
2024-06-28,2024-06-28,FCR,1,NEGPOS_12_16,168.3
2024-06-28,2024-06-28,FCR,1,NEGPOS_08_12,101.43
2024-06-28,2024-06-28,FCR,1,NEGPOS_04_08,51.64
2024-06-28,2024-06-28,FCR,1,NEGPOS_00_04,34
2024-06-28,2024-06-28,FCR,1,NEGPOS_20_24,50
2024-06-29,2024-06-29,FCR,1,NEGPOS_00_04,38.57
2024-06-29,2024-06-29,FCR,1,NEGPOS_04_08,49
2024-06-29,2024-06-29,FCR,1,NEGPOS_08_12,120
2024-06-29,2024-06-29,FCR,1,NEGPOS_12_16,150
2024-06-29,2024-06-29,FCR,1,NEGPOS_20_24,53.64
2024-06-29,2024-06-29,FCR,1,NEGPOS_16_20,100
2024-06-30,2024-06-30,FCR,1,NEGPOS_16_20,110.4
2024-06-30,2024-06-30,FCR,1,NEGPOS_12_16,144.62
2024-06-30,2024-06-30,FCR,1,NEGPOS_00_04,41.25
2024-06-30,2024-06-30,FCR,1,NEGPOS_20_24,58.01
2024-06-30,2024-06-30,FCR,1,NEGPOS_04_08,55
2024-06-30,2024-06-30,FCR,1,NEGPOS_08_12,135
2024-07-01,2024-07-01,FCR,1,NEGPOS_04_08,57.5
2024-07-01,2024-07-01,FCR,1,NEGPOS_16_20,113
2024-07-01,2024-07-01,FCR,1,NEGPOS_08_12,148
2024-07-01,2024-07-01,FCR,1,NEGPOS_12_16,148
2024-07-01,2024-07-01,FCR,1,NEGPOS_00_04,44.23
2024-07-01,2024-07-01,FCR,1,NEGPOS_20_24,74.43
2024-07-02,2024-07-02,FCR,1,NEGPOS_04_08,65.02
2024-07-02,2024-07-02,FCR,1,NEGPOS_16_20,100.75
2024-07-02,2024-07-02,FCR,1,NEGPOS_12_16,115
2024-07-02,2024-07-02,FCR,1,NEGPOS_20_24,66
2024-07-02,2024-07-02,FCR,1,NEGPOS_00_04,41.4
2024-07-02,2024-07-02,FCR,1,NEGPOS_08_12,118.44
2024-07-03,2024-07-03,FCR,1,NEGPOS_08_12,100
2024-07-03,2024-07-03,FCR,1,NEGPOS_04_08,61.44
2024-07-03,2024-07-03,FCR,1,NEGPOS_16_20,71
2024-07-03,2024-07-03,FCR,1,NEGPOS_20_24,60.5
2024-07-03,2024-07-03,FCR,1,NEGPOS_12_16,89.4
2024-07-03,2024-07-03,FCR,1,NEGPOS_00_04,39.84
2024-07-04,2024-07-04,FCR,1,NEGPOS_00_04,38.15
2024-07-04,2024-07-04,FCR,1,NEGPOS_04_08,63.16
2024-07-04,2024-07-04,FCR,1,NEGPOS_08_12,168.76
2024-07-04,2024-07-04,FCR,1,NEGPOS_20_24,77.84
2024-07-04,2024-07-04,FCR,1,NEGPOS_16_20,136.4
2024-07-04,2024-07-04,FCR,1,NEGPOS_12_16,183.12
2024-07-05,2024-07-05,FCR,1,NEGPOS_16_20,125.3
2024-07-05,2024-07-05,FCR,1,NEGPOS_20_24,62
2024-07-05,2024-07-05,FCR,1,NEGPOS_04_08,65.06
2024-07-05,2024-07-05,FCR,1,NEGPOS_08_12,152.2
2024-07-05,2024-07-05,FCR,1,NEGPOS_12_16,197.48
2024-07-05,2024-07-05,FCR,1,NEGPOS_00_04,39.25
2024-07-06,2024-07-06,FCR,2,NEGPOS_16_20,-
2024-07-06,2024-07-06,FCR,2,NEGPOS_00_04,-
2024-07-06,2024-07-06,FCR,2,NEGPOS_08_12,-
2024-07-06,2024-07-06,FCR,2,NEGPOS_12_16,-
2024-07-06,2024-07-06,FCR,2,NEGPOS_04_08,-
2024-07-06,2024-07-06,FCR,2,NEGPOS_20_24,-
2024-07-07,2024-07-07,FCR,1,NEGPOS_12_16,247.92
2024-07-07,2024-07-07,FCR,1,NEGPOS_04_08,59.28
2024-07-07,2024-07-07,FCR,1,NEGPOS_20_24,89.6
2024-07-07,2024-07-07,FCR,1,NEGPOS_00_04,80
2024-07-07,2024-07-07,FCR,1,NEGPOS_08_12,166.16
2024-07-07,2024-07-07,FCR,1,NEGPOS_16_20,135.24
2024-07-08,2024-07-08,FCR,1,NEGPOS_12_16,184.07
2024-07-08,2024-07-08,FCR,1,NEGPOS_08_12,146.92
2024-07-08,2024-07-08,FCR,1,NEGPOS_20_24,98.04
2024-07-08,2024-07-08,FCR,1,NEGPOS_16_20,107
2024-07-08,2024-07-08,FCR,1,NEGPOS_00_04,44.12
2024-07-08,2024-07-08,FCR,1,NEGPOS_04_08,56.64
2024-07-09,2024-07-09,FCR,1,NEGPOS_08_12,132.2
2024-07-09,2024-07-09,FCR,1,NEGPOS_04_08,60.48
2024-07-09,2024-07-09,FCR,1,NEGPOS_12_16,177.56
2024-07-09,2024-07-09,FCR,1,NEGPOS_20_24,68
2024-07-09,2024-07-09,FCR,1,NEGPOS_00_04,37.1
2024-07-09,2024-07-09,FCR,1,NEGPOS_16_20,89.32
2024-07-10,2024-07-10,FCR,1,NEGPOS_08_12,93
2024-07-10,2024-07-10,FCR,1,NEGPOS_12_16,131.64
2024-07-10,2024-07-10,FCR,1,NEGPOS_20_24,1200
2024-07-10,2024-07-10,FCR,1,NEGPOS_16_20,66.5
2024-07-10,2024-07-10,FCR,1,NEGPOS_00_04,34.88
2024-07-10,2024-07-10,FCR,1,NEGPOS_04_08,56.08
2024-07-11,2024-07-11,FCR,1,NEGPOS_04_08,44
2024-07-11,2024-07-11,FCR,1,NEGPOS_08_12,56.8
2024-07-11,2024-07-11,FCR,1,NEGPOS_12_16,87
2024-07-11,2024-07-11,FCR,1,NEGPOS_16_20,80
2024-07-11,2024-07-11,FCR,1,NEGPOS_20_24,40
2024-07-11,2024-07-11,FCR,1,NEGPOS_00_04,40
2024-07-12,2024-07-12,FCR,1,NEGPOS_20_24,41.75
2024-07-12,2024-07-12,FCR,1,NEGPOS_12_16,112
2024-07-12,2024-07-12,FCR,1,NEGPOS_16_20,46
2024-07-12,2024-07-12,FCR,1,NEGPOS_00_04,40
2024-07-12,2024-07-12,FCR,1,NEGPOS_08_12,80
2024-07-12,2024-07-12,FCR,1,NEGPOS_04_08,47.33
2024-07-13,2024-07-13,FCR,1,NEGPOS_00_04,40
2024-07-13,2024-07-13,FCR,1,NEGPOS_08_12,155.55
2024-07-13,2024-07-13,FCR,1,NEGPOS_16_20,89.22
2024-07-13,2024-07-13,FCR,1,NEGPOS_04_08,52.44
2024-07-13,2024-07-13,FCR,1,NEGPOS_12_16,190.8
2024-07-13,2024-07-13,FCR,1,NEGPOS_20_24,48.75
2024-07-14,2024-07-14,FCR,2,NEGPOS_12_16,-
2024-07-14,2024-07-14,FCR,2,NEGPOS_16_20,-
2024-07-14,2024-07-14,FCR,2,NEGPOS_08_12,-
2024-07-14,2024-07-14,FCR,2,NEGPOS_00_04,-
2024-07-14,2024-07-14,FCR,2,NEGPOS_20_24,-
2024-07-14,2024-07-14,FCR,2,NEGPOS_04_08,-
2024-07-15,2024-07-15,FCR,1,NEGPOS_20_24,56.2
2024-07-15,2024-07-15,FCR,1,NEGPOS_08_12,111
2024-07-15,2024-07-15,FCR,1,NEGPOS_16_20,65.1
2024-07-15,2024-07-15,FCR,1,NEGPOS_04_08,55.36
2024-07-15,2024-07-15,FCR,1,NEGPOS_12_16,145.2
2024-07-15,2024-07-15,FCR,1,NEGPOS_00_04,40
2024-07-16,2024-07-16,FCR,1,NEGPOS_12_16,134.8
2024-07-16,2024-07-16,FCR,1,NEGPOS_00_04,40
2024-07-16,2024-07-16,FCR,1,NEGPOS_08_12,105
2024-07-16,2024-07-16,FCR,1,NEGPOS_16_20,91.61
2024-07-16,2024-07-16,FCR,1,NEGPOS_20_24,46.68
2024-07-16,2024-07-16,FCR,1,NEGPOS_04_08,57.57
2024-07-17,2024-07-17,FCR,1,NEGPOS_12_16,141
2024-07-17,2024-07-17,FCR,1,NEGPOS_08_12,106.51
2024-07-17,2024-07-17,FCR,1,NEGPOS_04_08,57
2024-07-17,2024-07-17,FCR,1,NEGPOS_20_24,43.36
2024-07-17,2024-07-17,FCR,1,NEGPOS_00_04,31.62
2024-07-17,2024-07-17,FCR,1,NEGPOS_16_20,91.28
2024-07-18,2024-07-18,FCR,1,NEGPOS_12_16,116
2024-07-18,2024-07-18,FCR,1,NEGPOS_16_20,72
2024-07-18,2024-07-18,FCR,1,NEGPOS_20_24,68
2024-07-18,2024-07-18,FCR,1,NEGPOS_04_08,59.3
2024-07-18,2024-07-18,FCR,1,NEGPOS_08_12,92.27
2024-07-18,2024-07-18,FCR,1,NEGPOS_00_04,31.2
2024-07-19,2024-07-19,FCR,1,NEGPOS_08_12,100
2024-07-19,2024-07-19,FCR,1,NEGPOS_16_20,95.64
2024-07-19,2024-07-19,FCR,1,NEGPOS_04_08,57.96
2024-07-19,2024-07-19,FCR,1,NEGPOS_00_04,40
2024-07-19,2024-07-19,FCR,1,NEGPOS_12_16,139.72
2024-07-19,2024-07-19,FCR,1,NEGPOS_20_24,87.1
2024-07-20,2024-07-20,FCR,1,NEGPOS_12_16,165.88
2024-07-20,2024-07-20,FCR,1,NEGPOS_00_04,40
2024-07-20,2024-07-20,FCR,1,NEGPOS_16_20,84
2024-07-20,2024-07-20,FCR,1,NEGPOS_08_12,124.3
2024-07-20,2024-07-20,FCR,1,NEGPOS_20_24,54.4
2024-07-20,2024-07-20,FCR,1,NEGPOS_04_08,60
2024-07-21,2024-07-21,FCR,1,NEGPOS_12_16,144
2024-07-21,2024-07-21,FCR,1,NEGPOS_08_12,127.32
2024-07-21,2024-07-21,FCR,1,NEGPOS_20_24,46.1
2024-07-21,2024-07-21,FCR,1,NEGPOS_00_04,1200
2024-07-21,2024-07-21,FCR,1,NEGPOS_16_20,73.99
2024-07-21,2024-07-21,FCR,1,NEGPOS_04_08,54.53
2024-07-22,2024-07-22,FCR,1,NEGPOS_20_24,42
2024-07-22,2024-07-22,FCR,1,NEGPOS_08_12,71.88
2024-07-22,2024-07-22,FCR,1,NEGPOS_00_04,40
2024-07-22,2024-07-22,FCR,1,NEGPOS_04_08,48
2024-07-22,2024-07-22,FCR,1,NEGPOS_12_16,97.08
2024-07-22,2024-07-22,FCR,1,NEGPOS_16_20,56
2024-07-23,2024-07-23,FCR,1,NEGPOS_20_24,42
2024-07-23,2024-07-23,FCR,1,NEGPOS_16_20,56
2024-07-23,2024-07-23,FCR,1,NEGPOS_00_04,40
2024-07-23,2024-07-23,FCR,1,NEGPOS_08_12,72.08
2024-07-23,2024-07-23,FCR,1,NEGPOS_12_16,94.62
2024-07-23,2024-07-23,FCR,1,NEGPOS_04_08,44.44
2024-07-24,2024-07-24,FCR,1,NEGPOS_16_20,95.3
2024-07-24,2024-07-24,FCR,1,NEGPOS_08_12,111.76
2024-07-24,2024-07-24,FCR,1,NEGPOS_20_24,77.5
2024-07-24,2024-07-24,FCR,1,NEGPOS_12_16,155.44
2024-07-24,2024-07-24,FCR,1,NEGPOS_04_08,53.8
2024-07-24,2024-07-24,FCR,1,NEGPOS_00_04,30.4
2024-07-25,2024-07-25,FCR,1,NEGPOS_04_08,52
2024-07-25,2024-07-25,FCR,1,NEGPOS_20_24,101.35
2024-07-25,2024-07-25,FCR,1,NEGPOS_16_20,84
2024-07-25,2024-07-25,FCR,1,NEGPOS_00_04,29.16
2024-07-25,2024-07-25,FCR,1,NEGPOS_12_16,160.34
2024-07-25,2024-07-25,FCR,1,NEGPOS_08_12,89.22
2024-07-26,2024-07-26,FCR,1,NEGPOS_08_12,80
2024-07-26,2024-07-26,FCR,1,NEGPOS_20_24,91.8
2024-07-26,2024-07-26,FCR,1,NEGPOS_00_04,45
2024-07-26,2024-07-26,FCR,1,NEGPOS_16_20,80
2024-07-26,2024-07-26,FCR,1,NEGPOS_04_08,51.49
2024-07-26,2024-07-26,FCR,1,NEGPOS_12_16,136.5
2024-07-27,2024-07-27,FCR,1,NEGPOS_04_08,40
2024-07-27,2024-07-27,FCR,1,NEGPOS_00_04,40
2024-07-27,2024-07-27,FCR,1,NEGPOS_08_12,99.32
2024-07-27,2024-07-27,FCR,1,NEGPOS_20_24,62.9
2024-07-27,2024-07-27,FCR,1,NEGPOS_16_20,68.21
2024-07-27,2024-07-27,FCR,1,NEGPOS_12_16,165.99
2024-07-28,2024-07-28,FCR,1,NEGPOS_08_12,200
2024-07-28,2024-07-28,FCR,1,NEGPOS_04_08,55.1
2024-07-28,2024-07-28,FCR,1,NEGPOS_16_20,112.08
2024-07-28,2024-07-28,FCR,1,NEGPOS_00_04,57.49
2024-07-28,2024-07-28,FCR,1,NEGPOS_20_24,91.56
2024-07-28,2024-07-28,FCR,1,NEGPOS_12_16,360
2024-07-29,2024-07-29,FCR,1,NEGPOS_04_08,45.71
2024-07-29,2024-07-29,FCR,1,NEGPOS_08_12,88
2024-07-29,2024-07-29,FCR,1,NEGPOS_12_16,128
2024-07-29,2024-07-29,FCR,1,NEGPOS_16_20,65.52
2024-07-29,2024-07-29,FCR,1,NEGPOS_00_04,52.8
2024-07-29,2024-07-29,FCR,1,NEGPOS_20_24,80
2024-07-30,2024-07-30,FCR,1,NEGPOS_00_04,40
2024-07-30,2024-07-30,FCR,1,NEGPOS_04_08,53.64
2024-07-30,2024-07-30,FCR,1,NEGPOS_08_12,106.78
2024-07-30,2024-07-30,FCR,1,NEGPOS_16_20,82.2
2024-07-30,2024-07-30,FCR,1,NEGPOS_12_16,168
2024-07-30,2024-07-30,FCR,1,NEGPOS_20_24,73.12
2024-07-31,2024-07-31,FCR,1,NEGPOS_08_12,92.72
2024-07-31,2024-07-31,FCR,1,NEGPOS_00_04,25.92
2024-07-31,2024-07-31,FCR,1,NEGPOS_20_24,50.42
2024-07-31,2024-07-31,FCR,1,NEGPOS_16_20,79.2
2024-07-31,2024-07-31,FCR,1,NEGPOS_12_16,128
2024-07-31,2024-07-31,FCR,1,NEGPOS_04_08,45
2024-08-01,2024-08-01,FCR,1,NEGPOS_12_16,87
2024-08-01,2024-08-01,FCR,1,NEGPOS_16_20,80
2024-08-01,2024-08-01,FCR,1,NEGPOS_08_12,70
2024-08-01,2024-08-01,FCR,1,NEGPOS_04_08,50.28
2024-08-01,2024-08-01,FCR,1,NEGPOS_00_04,40
2024-08-01,2024-08-01,FCR,1,NEGPOS_20_24,40.52
2024-08-02,2024-08-02,FCR,1,NEGPOS_16_20,80
2024-08-02,2024-08-02,FCR,1,NEGPOS_12_16,80
2024-08-02,2024-08-02,FCR,1,NEGPOS_08_12,80
2024-08-02,2024-08-02,FCR,1,NEGPOS_04_08,44.88
2024-08-02,2024-08-02,FCR,1,NEGPOS_20_24,150
2024-08-02,2024-08-02,FCR,1,NEGPOS_00_04,40
2024-08-03,2024-08-03,FCR,1,NEGPOS_16_20,75.02
2024-08-03,2024-08-03,FCR,1,NEGPOS_08_12,80.24
2024-08-03,2024-08-03,FCR,1,NEGPOS_12_16,141.87
2024-08-03,2024-08-03,FCR,1,NEGPOS_20_24,70.57
2024-08-03,2024-08-03,FCR,1,NEGPOS_00_04,40
2024-08-03,2024-08-03,FCR,1,NEGPOS_04_08,40
2024-08-04,2024-08-04,FCR,1,NEGPOS_08_12,131.12
2024-08-04,2024-08-04,FCR,1,NEGPOS_00_04,40
2024-08-04,2024-08-04,FCR,1,NEGPOS_04_08,40
2024-08-04,2024-08-04,FCR,1,NEGPOS_20_24,40
2024-08-04,2024-08-04,FCR,1,NEGPOS_12_16,227.23
2024-08-04,2024-08-04,FCR,1,NEGPOS_16_20,79.9
2024-08-05,2024-08-05,FCR,1,NEGPOS_00_04,40
2024-08-05,2024-08-05,FCR,1,NEGPOS_16_20,80
2024-08-05,2024-08-05,FCR,1,NEGPOS_04_08,46.28
2024-08-05,2024-08-05,FCR,1,NEGPOS_08_12,87.48
2024-08-05,2024-08-05,FCR,1,NEGPOS_20_24,56.24
2024-08-05,2024-08-05,FCR,1,NEGPOS_12_16,156
2024-08-06,2024-08-06,FCR,1,NEGPOS_20_24,54.1
2024-08-06,2024-08-06,FCR,1,NEGPOS_16_20,59.92
2024-08-06,2024-08-06,FCR,1,NEGPOS_12_16,156.25
2024-08-06,2024-08-06,FCR,1,NEGPOS_08_12,100
2024-08-06,2024-08-06,FCR,1,NEGPOS_04_08,50.9
2024-08-06,2024-08-06,FCR,1,NEGPOS_00_04,40
2024-08-07,2024-08-07,FCR,1,NEGPOS_04_08,50.72
2024-08-07,2024-08-07,FCR,1,NEGPOS_00_04,40
2024-08-07,2024-08-07,FCR,1,NEGPOS_20_24,53.68
2024-08-07,2024-08-07,FCR,1,NEGPOS_16_20,71.72
2024-08-07,2024-08-07,FCR,1,NEGPOS_08_12,94
2024-08-07,2024-08-07,FCR,1,NEGPOS_12_16,157.6
2024-08-08,2024-08-08,FCR,1,NEGPOS_08_12,82.3
2024-08-08,2024-08-08,FCR,1,NEGPOS_12_16,129.84
2024-08-08,2024-08-08,FCR,1,NEGPOS_00_04,40
2024-08-08,2024-08-08,FCR,1,NEGPOS_04_08,49
2024-08-08,2024-08-08,FCR,1,NEGPOS_16_20,62.4
2024-08-08,2024-08-08,FCR,1,NEGPOS_20_24,54.56
2024-08-09,2024-08-09,FCR,1,NEGPOS_08_12,92
2024-08-09,2024-08-09,FCR,1,NEGPOS_00_04,40
2024-08-09,2024-08-09,FCR,1,NEGPOS_04_08,44
2024-08-09,2024-08-09,FCR,1,NEGPOS_12_16,158
2024-08-09,2024-08-09,FCR,1,NEGPOS_16_20,64.25
2024-08-09,2024-08-09,FCR,1,NEGPOS_20_24,50
2024-08-10,2024-08-10,FCR,1,NEGPOS_04_08,46.76
2024-08-10,2024-08-10,FCR,1,NEGPOS_12_16,254.4
2024-08-10,2024-08-10,FCR,1,NEGPOS_08_12,131.25
2024-08-10,2024-08-10,FCR,1,NEGPOS_16_20,103.08
2024-08-10,2024-08-10,FCR,1,NEGPOS_20_24,45.67
2024-08-10,2024-08-10,FCR,1,NEGPOS_00_04,40
2024-08-11,2024-08-11,FCR,1,NEGPOS_00_04,60
2024-08-11,2024-08-11,FCR,1,NEGPOS_16_20,105.6
2024-08-11,2024-08-11,FCR,1,NEGPOS_12_16,285.04
2024-08-11,2024-08-11,FCR,1,NEGPOS_04_08,40
2024-08-11,2024-08-11,FCR,1,NEGPOS_20_24,43.03
2024-08-11,2024-08-11,FCR,1,NEGPOS_08_12,163.72
2024-08-12,2024-08-12,FCR,1,NEGPOS_16_20,79.51
2024-08-12,2024-08-12,FCR,1,NEGPOS_04_08,40
2024-08-12,2024-08-12,FCR,1,NEGPOS_00_04,60
2024-08-12,2024-08-12,FCR,1,NEGPOS_20_24,55.2
2024-08-12,2024-08-12,FCR,1,NEGPOS_12_16,166.95
2024-08-12,2024-08-12,FCR,1,NEGPOS_08_12,89.46
2024-08-13,2024-08-13,FCR,1,NEGPOS_16_20,76.45
2024-08-13,2024-08-13,FCR,1,NEGPOS_08_12,104.36
2024-08-13,2024-08-13,FCR,1,NEGPOS_04_08,50.6
2024-08-13,2024-08-13,FCR,1,NEGPOS_00_04,60
2024-08-13,2024-08-13,FCR,1,NEGPOS_12_16,160.4
2024-08-13,2024-08-13,FCR,1,NEGPOS_20_24,55.95
2024-08-14,2024-08-14,FCR,1,NEGPOS_08_12,80
2024-08-14,2024-08-14,FCR,1,NEGPOS_12_16,112.73
2024-08-14,2024-08-14,FCR,1,NEGPOS_16_20,72.12
2024-08-14,2024-08-14,FCR,1,NEGPOS_20_24,54.56
2024-08-14,2024-08-14,FCR,1,NEGPOS_00_04,444
2024-08-14,2024-08-14,FCR,1,NEGPOS_04_08,57.64
2024-08-15,2024-08-15,FCR,1,NEGPOS_20_24,84
2024-08-15,2024-08-15,FCR,1,NEGPOS_04_08,51
2024-08-15,2024-08-15,FCR,1,NEGPOS_12_16,199.4
2024-08-15,2024-08-15,FCR,1,NEGPOS_08_12,100
2024-08-15,2024-08-15,FCR,1,NEGPOS_16_20,70.8
2024-08-15,2024-08-15,FCR,1,NEGPOS_00_04,400
2024-08-16,2024-08-16,FCR,1,NEGPOS_04_08,55.6
2024-08-16,2024-08-16,FCR,1,NEGPOS_16_20,68.75
2024-08-16,2024-08-16,FCR,1,NEGPOS_20_24,70.32
2024-08-16,2024-08-16,FCR,1,NEGPOS_08_12,79.01
2024-08-16,2024-08-16,FCR,1,NEGPOS_00_04,45
2024-08-16,2024-08-16,FCR,1,NEGPOS_12_16,130
2024-08-17,2024-08-17,FCR,1,NEGPOS_12_16,183.2
2024-08-17,2024-08-17,FCR,1,NEGPOS_00_04,45
2024-08-17,2024-08-17,FCR,1,NEGPOS_08_12,86.89
2024-08-17,2024-08-17,FCR,1,NEGPOS_04_08,41.38
2024-08-17,2024-08-17,FCR,1,NEGPOS_16_20,64.9
2024-08-17,2024-08-17,FCR,1,NEGPOS_20_24,65
2024-08-18,2024-08-18,FCR,1,NEGPOS_12_16,183.76
2024-08-18,2024-08-18,FCR,1,NEGPOS_00_04,45
2024-08-18,2024-08-18,FCR,1,NEGPOS_08_12,87.29
2024-08-18,2024-08-18,FCR,1,NEGPOS_16_20,68.37
2024-08-18,2024-08-18,FCR,1,NEGPOS_20_24,65
2024-08-18,2024-08-18,FCR,1,NEGPOS_04_08,40
2024-08-19,2024-08-19,FCR,1,NEGPOS_00_04,45
2024-08-19,2024-08-19,FCR,1,NEGPOS_08_12,74
2024-08-19,2024-08-19,FCR,1,NEGPOS_20_24,84
2024-08-19,2024-08-19,FCR,1,NEGPOS_04_08,52
2024-08-19,2024-08-19,FCR,1,NEGPOS_12_16,137
2024-08-19,2024-08-19,FCR,1,NEGPOS_16_20,80.92
2024-08-20,2024-08-20,FCR,1,NEGPOS_20_24,69.25
2024-08-20,2024-08-20,FCR,1,NEGPOS_08_12,120.28
2024-08-20,2024-08-20,FCR,1,NEGPOS_04_08,59.5
2024-08-20,2024-08-20,FCR,1,NEGPOS_16_20,93.54
2024-08-20,2024-08-20,FCR,1,NEGPOS_00_04,45
2024-08-20,2024-08-20,FCR,1,NEGPOS_12_16,169.68
2024-08-21,2024-08-21,FCR,1,NEGPOS_20_24,69
2024-08-21,2024-08-21,FCR,1,NEGPOS_00_04,40
2024-08-21,2024-08-21,FCR,1,NEGPOS_04_08,58.98
2024-08-21,2024-08-21,FCR,1,NEGPOS_12_16,269.84
2024-08-21,2024-08-21,FCR,1,NEGPOS_16_20,103.46
2024-08-21,2024-08-21,FCR,1,NEGPOS_08_12,190.49
2024-08-22,2024-08-22,FCR,1,NEGPOS_12_16,255.12
2024-08-22,2024-08-22,FCR,1,NEGPOS_04_08,52
2024-08-22,2024-08-22,FCR,1,NEGPOS_00_04,40
2024-08-22,2024-08-22,FCR,1,NEGPOS_20_24,53.92
2024-08-22,2024-08-22,FCR,1,NEGPOS_08_12,144.55
2024-08-22,2024-08-22,FCR,1,NEGPOS_16_20,107.92
2024-08-23,2024-08-23,FCR,1,NEGPOS_08_12,170
2024-08-23,2024-08-23,FCR,1,NEGPOS_04_08,55.2
2024-08-23,2024-08-23,FCR,1,NEGPOS_00_04,45
2024-08-23,2024-08-23,FCR,1,NEGPOS_16_20,100
2024-08-23,2024-08-23,FCR,1,NEGPOS_12_16,268.2
2024-08-23,2024-08-23,FCR,1,NEGPOS_20_24,69
2024-08-24,2024-08-24,FCR,1,NEGPOS_08_12,206.08
2024-08-24,2024-08-24,FCR,1,NEGPOS_00_04,28
2024-08-24,2024-08-24,FCR,1,NEGPOS_04_08,45.75
2024-08-24,2024-08-24,FCR,1,NEGPOS_20_24,44.48
2024-08-24,2024-08-24,FCR,1,NEGPOS_12_16,262.35
2024-08-24,2024-08-24,FCR,1,NEGPOS_16_20,127.6
2024-08-25,2024-08-25,FCR,1,NEGPOS_20_24,40
2024-08-25,2024-08-25,FCR,1,NEGPOS_04_08,60.12
2024-08-25,2024-08-25,FCR,1,NEGPOS_00_04,46.2
2024-08-25,2024-08-25,FCR,1,NEGPOS_12_16,324.44
2024-08-25,2024-08-25,FCR,1,NEGPOS_08_12,211.81
2024-08-25,2024-08-25,FCR,1,NEGPOS_16_20,127.1
2024-08-26,2024-08-26,FCR,1,NEGPOS_08_12,92
2024-08-26,2024-08-26,FCR,1,NEGPOS_00_04,36.66
2024-08-26,2024-08-26,FCR,1,NEGPOS_04_08,59.55
2024-08-26,2024-08-26,FCR,1,NEGPOS_12_16,161.08
2024-08-26,2024-08-26,FCR,1,NEGPOS_16_20,84.19
2024-08-26,2024-08-26,FCR,1,NEGPOS_20_24,84
2024-08-27,2024-08-27,FCR,1,NEGPOS_20_24,84
2024-08-27,2024-08-27,FCR,1,NEGPOS_00_04,35.44
2024-08-27,2024-08-27,FCR,1,NEGPOS_12_16,155
2024-08-27,2024-08-27,FCR,1,NEGPOS_04_08,59.85
2024-08-27,2024-08-27,FCR,1,NEGPOS_08_12,90
2024-08-27,2024-08-27,FCR,1,NEGPOS_16_20,80.96
2024-08-28,2024-08-28,FCR,1,NEGPOS_20_24,84
2024-08-28,2024-08-28,FCR,1,NEGPOS_12_16,156
2024-08-28,2024-08-28,FCR,1,NEGPOS_08_12,90.79
2024-08-28,2024-08-28,FCR,1,NEGPOS_00_04,400
2024-08-28,2024-08-28,FCR,1,NEGPOS_04_08,408
2024-08-28,2024-08-28,FCR,1,NEGPOS_16_20,77.36
2024-08-29,2024-08-29,FCR,1,NEGPOS_20_24,108.3
2024-08-29,2024-08-29,FCR,1,NEGPOS_00_04,384
2024-08-29,2024-08-29,FCR,1,NEGPOS_04_08,59.43
2024-08-29,2024-08-29,FCR,1,NEGPOS_08_12,93.78
2024-08-29,2024-08-29,FCR,1,NEGPOS_12_16,120.6
2024-08-29,2024-08-29,FCR,1,NEGPOS_16_20,113.2
2024-08-30,2024-08-30,FCR,1,NEGPOS_04_08,53.72
2024-08-30,2024-08-30,FCR,1,NEGPOS_12_16,105.84
2024-08-30,2024-08-30,FCR,1,NEGPOS_20_24,75
2024-08-30,2024-08-30,FCR,1,NEGPOS_08_12,80.71
2024-08-30,2024-08-30,FCR,1,NEGPOS_16_20,90
2024-08-30,2024-08-30,FCR,1,NEGPOS_00_04,45
2024-08-31,2024-08-31,FCR,1,NEGPOS_00_04,28.92
2024-08-31,2024-08-31,FCR,1,NEGPOS_20_24,40
2024-08-31,2024-08-31,FCR,1,NEGPOS_16_20,87.96
2024-08-31,2024-08-31,FCR,1,NEGPOS_12_16,199.13
2024-08-31,2024-08-31,FCR,1,NEGPOS_08_12,95
2024-08-31,2024-08-31,FCR,1,NEGPOS_04_08,57.23
2024-09-01,2024-09-01,FCR,1,NEGPOS_20_24,32
2024-09-01,2024-09-01,FCR,1,NEGPOS_04_08,46
2024-09-01,2024-09-01,FCR,1,NEGPOS_08_12,135.44
2024-09-01,2024-09-01,FCR,1,NEGPOS_12_16,193.7
2024-09-01,2024-09-01,FCR,1,NEGPOS_16_20,67.75
2024-09-01,2024-09-01,FCR,1,NEGPOS_00_04,29.48
2024-09-02,2024-09-02,FCR,1,NEGPOS_20_24,36
2024-09-02,2024-09-02,FCR,1,NEGPOS_08_12,82.64
2024-09-02,2024-09-02,FCR,1,NEGPOS_00_04,30
2024-09-02,2024-09-02,FCR,1,NEGPOS_12_16,90.77
2024-09-02,2024-09-02,FCR,1,NEGPOS_16_20,58.1
2024-09-02,2024-09-02,FCR,1,NEGPOS_04_08,44.26
2024-09-03,2024-09-03,FCR,1,NEGPOS_12_16,124.16
2024-09-03,2024-09-03,FCR,1,NEGPOS_20_24,65.63
2024-09-03,2024-09-03,FCR,1,NEGPOS_00_04,360
2024-09-03,2024-09-03,FCR,1,NEGPOS_04_08,57.52
2024-09-03,2024-09-03,FCR,1,NEGPOS_16_20,89
2024-09-03,2024-09-03,FCR,1,NEGPOS_08_12,77.76
2024-09-04,2024-09-04,FCR,1,NEGPOS_16_20,108.44
2024-09-04,2024-09-04,FCR,1,NEGPOS_20_24,91.78
2024-09-04,2024-09-04,FCR,1,NEGPOS_04_08,58.28
2024-09-04,2024-09-04,FCR,1,NEGPOS_12_16,104.12
2024-09-04,2024-09-04,FCR,1,NEGPOS_00_04,288
2024-09-04,2024-09-04,FCR,1,NEGPOS_08_12,94.65
2024-09-05,2024-09-05,FCR,1,NEGPOS_20_24,56
2024-09-05,2024-09-05,FCR,1,NEGPOS_00_04,339.43
2024-09-05,2024-09-05,FCR,1,NEGPOS_04_08,69.27
2024-09-05,2024-09-05,FCR,1,NEGPOS_08_12,83.48
2024-09-05,2024-09-05,FCR,1,NEGPOS_12_16,145.46
2024-09-05,2024-09-05,FCR,1,NEGPOS_16_20,85
2024-09-06,2024-09-06,FCR,1,NEGPOS_04_08,57.98
2024-09-06,2024-09-06,FCR,1,NEGPOS_20_24,56.52
2024-09-06,2024-09-06,FCR,1,NEGPOS_16_20,76
2024-09-06,2024-09-06,FCR,1,NEGPOS_08_12,78
2024-09-06,2024-09-06,FCR,1,NEGPOS_12_16,117.16
2024-09-06,2024-09-06,FCR,1,NEGPOS_00_04,38.88
2024-09-07,2024-09-07,FCR,1,NEGPOS_12_16,150
2024-09-07,2024-09-07,FCR,1,NEGPOS_20_24,40
2024-09-07,2024-09-07,FCR,1,NEGPOS_08_12,84.22
2024-09-07,2024-09-07,FCR,1,NEGPOS_00_04,400
2024-09-07,2024-09-07,FCR,1,NEGPOS_16_20,85
2024-09-07,2024-09-07,FCR,1,NEGPOS_04_08,40
2024-09-08,2024-09-08,FCR,1,NEGPOS_00_04,23.52
2024-09-08,2024-09-08,FCR,1,NEGPOS_20_24,27.39
2024-09-08,2024-09-08,FCR,1,NEGPOS_16_20,85
2024-09-08,2024-09-08,FCR,1,NEGPOS_04_08,26.72
2024-09-08,2024-09-08,FCR,1,NEGPOS_12_16,185
2024-09-08,2024-09-08,FCR,1,NEGPOS_08_12,114.29
2024-09-09,2024-09-09,FCR,1,NEGPOS_08_12,71.76
2024-09-09,2024-09-09,FCR,1,NEGPOS_12_16,56
2024-09-09,2024-09-09,FCR,1,NEGPOS_20_24,48.01
2024-09-09,2024-09-09,FCR,1,NEGPOS_04_08,40.5
2024-09-09,2024-09-09,FCR,1,NEGPOS_16_20,55.2
2024-09-09,2024-09-09,FCR,1,NEGPOS_00_04,288
2024-09-10,2024-09-10,FCR,1,NEGPOS_20_24,47
2024-09-10,2024-09-10,FCR,1,NEGPOS_08_12,95.2
2024-09-10,2024-09-10,FCR,1,NEGPOS_00_04,40
2024-09-10,2024-09-10,FCR,1,NEGPOS_12_16,179.2
2024-09-10,2024-09-10,FCR,1,NEGPOS_04_08,44
2024-09-10,2024-09-10,FCR,1,NEGPOS_16_20,93.06
2024-09-11,2024-09-11,FCR,1,NEGPOS_20_24,46
2024-09-11,2024-09-11,FCR,1,NEGPOS_16_20,90
2024-09-11,2024-09-11,FCR,1,NEGPOS_12_16,101.28
2024-09-11,2024-09-11,FCR,1,NEGPOS_08_12,78
2024-09-11,2024-09-11,FCR,1,NEGPOS_04_08,55.2
2024-09-11,2024-09-11,FCR,1,NEGPOS_00_04,360
2024-09-12,2024-09-12,FCR,1,NEGPOS_20_24,48.64
2024-09-12,2024-09-12,FCR,1,NEGPOS_04_08,40.5
2024-09-12,2024-09-12,FCR,1,NEGPOS_08_12,80
2024-09-12,2024-09-12,FCR,1,NEGPOS_12_16,97.4
2024-09-12,2024-09-12,FCR,1,NEGPOS_16_20,80
2024-09-12,2024-09-12,FCR,1,NEGPOS_00_04,288
2024-09-13,2024-09-13,FCR,1,NEGPOS_00_04,400
2024-09-13,2024-09-13,FCR,1,NEGPOS_08_12,81.86
2024-09-13,2024-09-13,FCR,1,NEGPOS_16_20,80
2024-09-13,2024-09-13,FCR,1,NEGPOS_12_16,151.16
2024-09-13,2024-09-13,FCR,1,NEGPOS_20_24,64.5
2024-09-13,2024-09-13,FCR,1,NEGPOS_04_08,57.6
2024-09-14,2024-09-14,FCR,1,NEGPOS_20_24,46
2024-09-14,2024-09-14,FCR,1,NEGPOS_04_08,60.12
2024-09-14,2024-09-14,FCR,1,NEGPOS_16_20,95.1
2024-09-14,2024-09-14,FCR,1,NEGPOS_12_16,174.68
2024-09-14,2024-09-14,FCR,1,NEGPOS_08_12,112.16
2024-09-14,2024-09-14,FCR,1,NEGPOS_00_04,360
2024-09-15,2024-09-15,FCR,1,NEGPOS_20_24,38.34
2024-09-15,2024-09-15,FCR,1,NEGPOS_04_08,46
2024-09-15,2024-09-15,FCR,1,NEGPOS_00_04,34
2024-09-15,2024-09-15,FCR,1,NEGPOS_12_16,220.24
2024-09-15,2024-09-15,FCR,1,NEGPOS_08_12,113.76
2024-09-15,2024-09-15,FCR,1,NEGPOS_16_20,110
2024-09-16,2024-09-16,FCR,1,NEGPOS_08_12,94.39
2024-09-16,2024-09-16,FCR,1,NEGPOS_00_04,36
2024-09-16,2024-09-16,FCR,1,NEGPOS_20_24,70.38
2024-09-16,2024-09-16,FCR,1,NEGPOS_04_08,51.44
2024-09-16,2024-09-16,FCR,1,NEGPOS_12_16,127.12
2024-09-16,2024-09-16,FCR,1,NEGPOS_16_20,80
2024-09-17,2024-09-17,FCR,1,NEGPOS_00_04,46.82
2024-09-17,2024-09-17,FCR,1,NEGPOS_08_12,116.38
2024-09-17,2024-09-17,FCR,1,NEGPOS_12_16,127.62
2024-09-17,2024-09-17,FCR,1,NEGPOS_16_20,101
2024-09-17,2024-09-17,FCR,1,NEGPOS_20_24,62
2024-09-17,2024-09-17,FCR,1,NEGPOS_04_08,57.91
2024-09-18,2024-09-18,FCR,1,NEGPOS_08_12,135.2
2024-09-18,2024-09-18,FCR,1,NEGPOS_00_04,48.44
2024-09-18,2024-09-18,FCR,1,NEGPOS_04_08,61.7
2024-09-18,2024-09-18,FCR,1,NEGPOS_16_20,88
2024-09-18,2024-09-18,FCR,1,NEGPOS_12_16,190
2024-09-18,2024-09-18,FCR,1,NEGPOS_20_24,56
2024-09-19,2024-09-19,FCR,2,NEGPOS_20_24,-
2024-09-19,2024-09-19,FCR,2,NEGPOS_12_16,-
2024-09-19,2024-09-19,FCR,2,NEGPOS_08_12,-
2024-09-19,2024-09-19,FCR,2,NEGPOS_16_20,-
2024-09-19,2024-09-19,FCR,2,NEGPOS_04_08,-
2024-09-19,2024-09-19,FCR,2,NEGPOS_00_04,-
2024-09-20,2024-09-20,FCR,1,NEGPOS_08_12,124
2024-09-20,2024-09-20,FCR,1,NEGPOS_12_16,240.7
2024-09-20,2024-09-20,FCR,1,NEGPOS_04_08,65.92
2024-09-20,2024-09-20,FCR,1,NEGPOS_16_20,85
2024-09-20,2024-09-20,FCR,1,NEGPOS_00_04,45.68
2024-09-20,2024-09-20,FCR,1,NEGPOS_20_24,48.28
2024-09-21,2024-09-21,FCR,2,NEGPOS_16_20,-
2024-09-21,2024-09-21,FCR,2,NEGPOS_20_24,-
2024-09-21,2024-09-21,FCR,2,NEGPOS_00_04,-
2024-09-21,2024-09-21,FCR,2,NEGPOS_04_08,-
2024-09-21,2024-09-21,FCR,2,NEGPOS_08_12,-
2024-09-21,2024-09-21,FCR,2,NEGPOS_12_16,-
2024-09-22,2024-09-22,FCR,1,NEGPOS_16_20,84
2024-09-22,2024-09-22,FCR,1,NEGPOS_20_24,46.26
2024-09-22,2024-09-22,FCR,1,NEGPOS_08_12,138.17
2024-09-22,2024-09-22,FCR,1,NEGPOS_00_04,40.81
2024-09-22,2024-09-22,FCR,1,NEGPOS_12_16,245.71
2024-09-22,2024-09-22,FCR,1,NEGPOS_04_08,51.2
2024-09-23,2024-09-23,FCR,1,NEGPOS_16_20,95.32
2024-09-23,2024-09-23,FCR,1,NEGPOS_12_16,122.4
2024-09-23,2024-09-23,FCR,1,NEGPOS_20_24,59.7
2024-09-23,2024-09-23,FCR,1,NEGPOS_04_08,54.19
2024-09-23,2024-09-23,FCR,1,NEGPOS_00_04,41.76
2024-09-23,2024-09-23,FCR,1,NEGPOS_08_12,104
2024-09-24,2024-09-24,FCR,1,NEGPOS_08_12,80
2024-09-24,2024-09-24,FCR,1,NEGPOS_16_20,72
2024-09-24,2024-09-24,FCR,1,NEGPOS_12_16,123.4
2024-09-24,2024-09-24,FCR,1,NEGPOS_20_24,51
2024-09-24,2024-09-24,FCR,1,NEGPOS_00_04,37.44
2024-09-24,2024-09-24,FCR,1,NEGPOS_04_08,53.08
2024-09-25,2024-09-25,FCR,1,NEGPOS_20_24,56.39
2024-09-25,2024-09-25,FCR,1,NEGPOS_08_12,93.42
2024-09-25,2024-09-25,FCR,1,NEGPOS_00_04,42
2024-09-25,2024-09-25,FCR,1,NEGPOS_04_08,57.42
2024-09-25,2024-09-25,FCR,1,NEGPOS_16_20,84.84
2024-09-25,2024-09-25,FCR,1,NEGPOS_12_16,122.4
2024-09-26,2024-09-26,FCR,2,NEGPOS_20_24,-
2024-09-26,2024-09-26,FCR,2,NEGPOS_00_04,-
2024-09-26,2024-09-26,FCR,2,NEGPOS_16_20,-
2024-09-26,2024-09-26,FCR,2,NEGPOS_04_08,-
2024-09-26,2024-09-26,FCR,2,NEGPOS_08_12,-
2024-09-26,2024-09-26,FCR,2,NEGPOS_12_16,-
2024-09-27,2024-09-27,FCR,1,NEGPOS_00_04,69
2024-09-27,2024-09-27,FCR,1,NEGPOS_04_08,70
2024-09-27,2024-09-27,FCR,1,NEGPOS_16_20,92.75
2024-09-27,2024-09-27,FCR,1,NEGPOS_20_24,61.87
2024-09-27,2024-09-27,FCR,1,NEGPOS_12_16,167.44
2024-09-27,2024-09-27,FCR,1,NEGPOS_08_12,108.83
2024-09-28,2024-09-28,FCR,1,NEGPOS_00_04,72.28
2024-09-28,2024-09-28,FCR,1,NEGPOS_04_08,75.12
2024-09-28,2024-09-28,FCR,1,NEGPOS_20_24,55
2024-09-28,2024-09-28,FCR,1,NEGPOS_16_20,111.68
2024-09-28,2024-09-28,FCR,1,NEGPOS_12_16,256
2024-09-28,2024-09-28,FCR,1,NEGPOS_08_12,133.19
2024-09-29,2024-09-29,FCR,1,NEGPOS_16_20,92
2024-09-29,2024-09-29,FCR,1,NEGPOS_00_04,42.33
2024-09-29,2024-09-29,FCR,1,NEGPOS_12_16,233.04
2024-09-29,2024-09-29,FCR,1,NEGPOS_04_08,56
2024-09-29,2024-09-29,FCR,1,NEGPOS_20_24,53.64
2024-09-29,2024-09-29,FCR,1,NEGPOS_08_12,123.68
2024-09-30,2024-09-30,FCR,1,NEGPOS_12_16,139
2024-09-30,2024-09-30,FCR,1,NEGPOS_04_08,55.04
2024-09-30,2024-09-30,FCR,1,NEGPOS_00_04,51.95
2024-09-30,2024-09-30,FCR,1,NEGPOS_20_24,52.8
2024-09-30,2024-09-30,FCR,1,NEGPOS_08_12,96
2024-09-30,2024-09-30,FCR,1,NEGPOS_16_20,55.6
2024-10-01,2024-10-01,FCR,2,NEGPOS_16_20,-
2024-10-01,2024-10-01,FCR,2,NEGPOS_08_12,-
2024-10-01,2024-10-01,FCR,2,NEGPOS_12_16,-
2024-10-01,2024-10-01,FCR,2,NEGPOS_00_04,-
2024-10-01,2024-10-01,FCR,2,NEGPOS_04_08,-
2024-10-01,2024-10-01,FCR,2,NEGPOS_20_24,-
2024-10-02,2024-10-02,FCR,2,NEGPOS_12_16,-
2024-10-02,2024-10-02,FCR,2,NEGPOS_16_20,-
2024-10-02,2024-10-02,FCR,2,NEGPOS_04_08,-
2024-10-02,2024-10-02,FCR,2,NEGPOS_08_12,-
2024-10-02,2024-10-02,FCR,2,NEGPOS_20_24,-
2024-10-02,2024-10-02,FCR,2,NEGPOS_00_04,-
2024-10-03,2024-10-03,FCR,1,NEGPOS_12_16,90.4
2024-10-03,2024-10-03,FCR,1,NEGPOS_04_08,39.5
2024-10-03,2024-10-03,FCR,1,NEGPOS_08_12,61.81
2024-10-03,2024-10-03,FCR,1,NEGPOS_00_04,40.67
2024-10-03,2024-10-03,FCR,1,NEGPOS_16_20,59.6
2024-10-03,2024-10-03,FCR,1,NEGPOS_20_24,36
2024-10-04,2024-10-04,FCR,1,NEGPOS_16_20,72.4
2024-10-04,2024-10-04,FCR,1,NEGPOS_04_08,56.76
2024-10-04,2024-10-04,FCR,1,NEGPOS_00_04,45.84
2024-10-04,2024-10-04,FCR,1,NEGPOS_12_16,110
2024-10-04,2024-10-04,FCR,1,NEGPOS_20_24,40
2024-10-04,2024-10-04,FCR,1,NEGPOS_08_12,54.95
2024-10-05,2024-10-05,FCR,1,NEGPOS_20_24,43.5
2024-10-05,2024-10-05,FCR,1,NEGPOS_16_20,88
2024-10-05,2024-10-05,FCR,1,NEGPOS_04_08,52.93
2024-10-05,2024-10-05,FCR,1,NEGPOS_08_12,80.18
2024-10-05,2024-10-05,FCR,1,NEGPOS_00_04,40
2024-10-05,2024-10-05,FCR,1,NEGPOS_12_16,103.48
2024-10-06,2024-10-06,FCR,1,NEGPOS_04_08,48.88
2024-10-06,2024-10-06,FCR,1,NEGPOS_00_04,41.12
2024-10-06,2024-10-06,FCR,1,NEGPOS_20_24,53.43
2024-10-06,2024-10-06,FCR,1,NEGPOS_16_20,88
2024-10-06,2024-10-06,FCR,1,NEGPOS_12_16,123.17
2024-10-06,2024-10-06,FCR,1,NEGPOS_08_12,89.8
2024-10-07,2024-10-07,FCR,1,NEGPOS_12_16,88
2024-10-07,2024-10-07,FCR,1,NEGPOS_16_20,56
2024-10-07,2024-10-07,FCR,1,NEGPOS_08_12,72.3
2024-10-07,2024-10-07,FCR,1,NEGPOS_04_08,40
2024-10-07,2024-10-07,FCR,1,NEGPOS_20_24,35
2024-10-07,2024-10-07,FCR,1,NEGPOS_00_04,38.15
2024-10-08,2024-10-08,FCR,1,NEGPOS_12_16,120
2024-10-08,2024-10-08,FCR,1,NEGPOS_20_24,40
2024-10-08,2024-10-08,FCR,1,NEGPOS_16_20,59
2024-10-08,2024-10-08,FCR,1,NEGPOS_04_08,45
2024-10-08,2024-10-08,FCR,1,NEGPOS_00_04,33.4
2024-10-08,2024-10-08,FCR,1,NEGPOS_08_12,48
2024-10-09,2024-10-09,FCR,1,NEGPOS_08_12,72.54
2024-10-09,2024-10-09,FCR,1,NEGPOS_04_08,40
2024-10-09,2024-10-09,FCR,1,NEGPOS_00_04,28.4
2024-10-09,2024-10-09,FCR,1,NEGPOS_12_16,103.06
2024-10-09,2024-10-09,FCR,1,NEGPOS_16_20,117.57
2024-10-09,2024-10-09,FCR,1,NEGPOS_20_24,44.5
2024-10-10,2024-10-10,FCR,1,NEGPOS_20_24,40
2024-10-10,2024-10-10,FCR,1,NEGPOS_00_04,40
2024-10-10,2024-10-10,FCR,1,NEGPOS_16_20,81.47
2024-10-10,2024-10-10,FCR,1,NEGPOS_12_16,88.5
2024-10-10,2024-10-10,FCR,1,NEGPOS_04_08,44.2
2024-10-10,2024-10-10,FCR,1,NEGPOS_08_12,50.6
2024-10-11,2024-10-11,FCR,1,NEGPOS_04_08,40
2024-10-11,2024-10-11,FCR,1,NEGPOS_20_24,38.3
2024-10-11,2024-10-11,FCR,1,NEGPOS_16_20,81.15
2024-10-11,2024-10-11,FCR,1,NEGPOS_08_12,62.4
2024-10-11,2024-10-11,FCR,1,NEGPOS_00_04,40
2024-10-11,2024-10-11,FCR,1,NEGPOS_12_16,102.3
2024-10-12,2024-10-12,FCR,1,NEGPOS_04_08,40
2024-10-12,2024-10-12,FCR,1,NEGPOS_00_04,32
2024-10-12,2024-10-12,FCR,1,NEGPOS_16_20,102.2
2024-10-12,2024-10-12,FCR,1,NEGPOS_20_24,41.34
2024-10-12,2024-10-12,FCR,1,NEGPOS_12_16,109.5
2024-10-12,2024-10-12,FCR,1,NEGPOS_08_12,78.3
2024-10-13,2024-10-13,FCR,1,NEGPOS_04_08,44.46
2024-10-13,2024-10-13,FCR,1,NEGPOS_00_04,34.69
2024-10-13,2024-10-13,FCR,1,NEGPOS_08_12,94.35
2024-10-13,2024-10-13,FCR,1,NEGPOS_16_20,98.57
2024-10-13,2024-10-13,FCR,1,NEGPOS_12_16,137.98
2024-10-13,2024-10-13,FCR,1,NEGPOS_20_24,40
2024-10-14,2024-10-14,FCR,1,NEGPOS_00_04,48
2024-10-14,2024-10-14,FCR,1,NEGPOS_16_20,93.56
2024-10-14,2024-10-14,FCR,1,NEGPOS_20_24,41.63
2024-10-14,2024-10-14,FCR,1,NEGPOS_08_12,56
2024-10-14,2024-10-14,FCR,1,NEGPOS_04_08,56.2
2024-10-14,2024-10-14,FCR,1,NEGPOS_12_16,85.16
2024-10-15,2024-10-15,FCR,1,NEGPOS_08_12,56
2024-10-15,2024-10-15,FCR,1,NEGPOS_04_08,69.81
2024-10-15,2024-10-15,FCR,1,NEGPOS_16_20,96.35
2024-10-15,2024-10-15,FCR,1,NEGPOS_12_16,78.92
2024-10-15,2024-10-15,FCR,1,NEGPOS_20_24,48
2024-10-15,2024-10-15,FCR,1,NEGPOS_00_04,26.8
2024-10-16,2024-10-16,FCR,1,NEGPOS_20_24,58.2
2024-10-16,2024-10-16,FCR,1,NEGPOS_08_12,109.86
2024-10-16,2024-10-16,FCR,1,NEGPOS_00_04,73.6
2024-10-16,2024-10-16,FCR,1,NEGPOS_04_08,82.04
2024-10-16,2024-10-16,FCR,1,NEGPOS_16_20,111
2024-10-16,2024-10-16,FCR,1,NEGPOS_12_16,169.06
2024-10-17,2024-10-17,FCR,1,NEGPOS_04_08,63.56
2024-10-17,2024-10-17,FCR,1,NEGPOS_08_12,80
2024-10-17,2024-10-17,FCR,1,NEGPOS_12_16,86
2024-10-17,2024-10-17,FCR,1,NEGPOS_00_04,45.7
2024-10-17,2024-10-17,FCR,1,NEGPOS_16_20,56.66
2024-10-17,2024-10-17,FCR,1,NEGPOS_20_24,38.8
2024-10-18,2024-10-18,FCR,1,NEGPOS_04_08,50.5
2024-10-18,2024-10-18,FCR,1,NEGPOS_16_20,51.82
2024-10-18,2024-10-18,FCR,1,NEGPOS_20_24,30
2024-10-18,2024-10-18,FCR,1,NEGPOS_08_12,64
2024-10-18,2024-10-18,FCR,1,NEGPOS_00_04,29.99
2024-10-18,2024-10-18,FCR,1,NEGPOS_12_16,49.8
2024-10-19,2024-10-19,FCR,1,NEGPOS_20_24,30
2024-10-19,2024-10-19,FCR,1,NEGPOS_16_20,80
2024-10-19,2024-10-19,FCR,1,NEGPOS_00_04,25
2024-10-19,2024-10-19,FCR,1,NEGPOS_08_12,52
2024-10-19,2024-10-19,FCR,1,NEGPOS_12_16,75.63
2024-10-19,2024-10-19,FCR,1,NEGPOS_04_08,32
2024-10-20,2024-10-20,FCR,1,NEGPOS_08_12,69.3
2024-10-20,2024-10-20,FCR,1,NEGPOS_00_04,33.3
2024-10-20,2024-10-20,FCR,1,NEGPOS_20_24,38.54
2024-10-20,2024-10-20,FCR,1,NEGPOS_12_16,130.8
2024-10-20,2024-10-20,FCR,1,NEGPOS_16_20,55.6
2024-10-20,2024-10-20,FCR,1,NEGPOS_04_08,36.3
2024-10-21,2024-10-21,FCR,1,NEGPOS_08_12,68.03
2024-10-21,2024-10-21,FCR,1,NEGPOS_12_16,55.6
2024-10-21,2024-10-21,FCR,1,NEGPOS_20_24,38.5
2024-10-21,2024-10-21,FCR,1,NEGPOS_16_20,74.6
2024-10-21,2024-10-21,FCR,1,NEGPOS_04_08,52
2024-10-21,2024-10-21,FCR,1,NEGPOS_00_04,49.5
2024-10-22,2024-10-22,FCR,1,NEGPOS_04_08,50.2
2024-10-22,2024-10-22,FCR,1,NEGPOS_20_24,37.5
2024-10-22,2024-10-22,FCR,1,NEGPOS_12_16,54
2024-10-22,2024-10-22,FCR,1,NEGPOS_16_20,74
2024-10-22,2024-10-22,FCR,1,NEGPOS_08_12,49.21
2024-10-22,2024-10-22,FCR,1,NEGPOS_00_04,38
2024-10-23,2024-10-23,FCR,1,NEGPOS_12_16,48.92
2024-10-23,2024-10-23,FCR,1,NEGPOS_20_24,31.68
2024-10-23,2024-10-23,FCR,1,NEGPOS_16_20,88
2024-10-23,2024-10-23,FCR,1,NEGPOS_08_12,46
2024-10-23,2024-10-23,FCR,1,NEGPOS_04_08,48
2024-10-23,2024-10-23,FCR,1,NEGPOS_00_04,26.2
2024-10-24,2024-10-24,FCR,1,NEGPOS_04_08,46
2024-10-24,2024-10-24,FCR,1,NEGPOS_00_04,21.5
2024-10-24,2024-10-24,FCR,1,NEGPOS_16_20,56.4
2024-10-24,2024-10-24,FCR,1,NEGPOS_20_24,39.15
2024-10-24,2024-10-24,FCR,1,NEGPOS_12_16,40
2024-10-24,2024-10-24,FCR,1,NEGPOS_08_12,46
2024-10-25,2024-10-25,FCR,1,NEGPOS_08_12,60.9
2024-10-25,2024-10-25,FCR,1,NEGPOS_04_08,60
2024-10-25,2024-10-25,FCR,1,NEGPOS_20_24,33.6
2024-10-25,2024-10-25,FCR,1,NEGPOS_00_04,23.32
2024-10-25,2024-10-25,FCR,1,NEGPOS_12_16,55.2
2024-10-25,2024-10-25,FCR,1,NEGPOS_16_20,87.3
2024-10-26,2024-10-26,FCR,1,NEGPOS_16_20,56.8
2024-10-26,2024-10-26,FCR,1,NEGPOS_04_08,45.4
2024-10-26,2024-10-26,FCR,1,NEGPOS_00_04,20
2024-10-26,2024-10-26,FCR,1,NEGPOS_20_24,28.9
2024-10-26,2024-10-26,FCR,1,NEGPOS_08_12,45
2024-10-26,2024-10-26,FCR,1,NEGPOS_12_16,40.8
2024-10-27,2024-10-27,FCR,1,NEGPOS_20_24,26
2024-10-27,2024-10-27,FCR,1,NEGPOS_04_08,32.2
2024-10-27,2024-10-27,FCR,1,NEGPOS_08_12,60
2024-10-27,2024-10-27,FCR,1,NEGPOS_16_20,64.72
2024-10-27,2024-10-27,FCR,1,NEGPOS_00_04,19.3
2024-10-27,2024-10-27,FCR,1,NEGPOS_12_16,60.1
2024-10-28,2024-10-28,FCR,1,NEGPOS_08_12,48.64
2024-10-28,2024-10-28,FCR,1,NEGPOS_16_20,76.5
2024-10-28,2024-10-28,FCR,1,NEGPOS_20_24,30
2024-10-28,2024-10-28,FCR,1,NEGPOS_12_16,41.4
2024-10-28,2024-10-28,FCR,1,NEGPOS_04_08,40.8
2024-10-28,2024-10-28,FCR,1,NEGPOS_00_04,31.31
2024-10-29,2024-10-29,FCR,1,NEGPOS_04_08,35.5
2024-10-29,2024-10-29,FCR,1,NEGPOS_20_24,29.5
2024-10-29,2024-10-29,FCR,1,NEGPOS_16_20,91.92
2024-10-29,2024-10-29,FCR,1,NEGPOS_08_12,42.5
2024-10-29,2024-10-29,FCR,1,NEGPOS_12_16,34
2024-10-29,2024-10-29,FCR,1,NEGPOS_00_04,20
2024-10-30,2024-10-30,FCR,1,NEGPOS_08_12,32.8
2024-10-30,2024-10-30,FCR,1,NEGPOS_04_08,30.6
2024-10-30,2024-10-30,FCR,1,NEGPOS_20_24,25
2024-10-30,2024-10-30,FCR,1,NEGPOS_00_04,20
2024-10-30,2024-10-30,FCR,1,NEGPOS_12_16,29
2024-10-30,2024-10-30,FCR,1,NEGPOS_16_20,56
2024-10-31,2024-10-31,FCR,1,NEGPOS_04_08,40
2024-10-31,2024-10-31,FCR,1,NEGPOS_00_04,20
2024-10-31,2024-10-31,FCR,1,NEGPOS_16_20,40
2024-10-31,2024-10-31,FCR,1,NEGPOS_20_24,25
2024-10-31,2024-10-31,FCR,1,NEGPOS_08_12,40
2024-10-31,2024-10-31,FCR,1,NEGPOS_12_16,29
2024-11-01,2024-11-01,FCR,1,NEGPOS_04_08,35.56
2024-11-01,2024-11-01,FCR,1,NEGPOS_20_24,40
2024-11-01,2024-11-01,FCR,1,NEGPOS_12_16,40
2024-11-01,2024-11-01,FCR,1,NEGPOS_08_12,40
2024-11-01,2024-11-01,FCR,1,NEGPOS_16_20,45.6
2024-11-01,2024-11-01,FCR,1,NEGPOS_00_04,23.98
2024-11-02,2024-11-02,FCR,1,NEGPOS_08_12,30
2024-11-02,2024-11-02,FCR,1,NEGPOS_20_24,30.3
2024-11-02,2024-11-02,FCR,1,NEGPOS_12_16,34
2024-11-02,2024-11-02,FCR,1,NEGPOS_16_20,42
2024-11-02,2024-11-02,FCR,1,NEGPOS_04_08,40
2024-11-02,2024-11-02,FCR,1,NEGPOS_00_04,40
2024-11-03,2024-11-03,FCR,1,NEGPOS_00_04,40
2024-11-03,2024-11-03,FCR,1,NEGPOS_20_24,19.1
2024-11-03,2024-11-03,FCR,1,NEGPOS_12_16,54.4
2024-11-03,2024-11-03,FCR,1,NEGPOS_16_20,41.4
2024-11-03,2024-11-03,FCR,1,NEGPOS_08_12,44.7
2024-11-03,2024-11-03,FCR,1,NEGPOS_04_08,40
2024-11-04,2024-11-04,FCR,1,NEGPOS_16_20,75
2024-11-04,2024-11-04,FCR,1,NEGPOS_08_12,33.1
2024-11-04,2024-11-04,FCR,1,NEGPOS_12_16,45.6
2024-11-04,2024-11-04,FCR,1,NEGPOS_20_24,40
2024-11-04,2024-11-04,FCR,1,NEGPOS_04_08,40
2024-11-04,2024-11-04,FCR,1,NEGPOS_00_04,40
2024-11-05,2024-11-05,FCR,1,NEGPOS_08_12,51.38
2024-11-05,2024-11-05,FCR,1,NEGPOS_20_24,40
2024-11-05,2024-11-05,FCR,1,NEGPOS_00_04,24
2024-11-05,2024-11-05,FCR,1,NEGPOS_16_20,138.1
2024-11-05,2024-11-05,FCR,1,NEGPOS_04_08,39.88
2024-11-05,2024-11-05,FCR,1,NEGPOS_12_16,56
2024-11-06,2024-11-06,FCR,1,NEGPOS_16_20,140
2024-11-06,2024-11-06,FCR,1,NEGPOS_20_24,40
2024-11-06,2024-11-06,FCR,1,NEGPOS_12_16,59.37
2024-11-06,2024-11-06,FCR,1,NEGPOS_04_08,41.85
2024-11-06,2024-11-06,FCR,1,NEGPOS_08_12,60
2024-11-06,2024-11-06,FCR,1,NEGPOS_00_04,18.88
2024-11-07,2024-11-07,FCR,1,NEGPOS_16_20,167.16
2024-11-07,2024-11-07,FCR,1,NEGPOS_20_24,40
2024-11-07,2024-11-07,FCR,1,NEGPOS_12_16,60
2024-11-07,2024-11-07,FCR,1,NEGPOS_08_12,77.76
2024-11-07,2024-11-07,FCR,1,NEGPOS_04_08,53.52
2024-11-07,2024-11-07,FCR,1,NEGPOS_00_04,40
2024-11-08,2024-11-08,FCR,1,NEGPOS_08_12,51.6
2024-11-08,2024-11-08,FCR,1,NEGPOS_12_16,54.72
2024-11-08,2024-11-08,FCR,1,NEGPOS_20_24,40.5
2024-11-08,2024-11-08,FCR,1,NEGPOS_16_20,91.4
2024-11-08,2024-11-08,FCR,1,NEGPOS_00_04,40
2024-11-08,2024-11-08,FCR,1,NEGPOS_04_08,58.7
2024-11-09,2024-11-09,FCR,1,NEGPOS_04_08,48.4
2024-11-09,2024-11-09,FCR,1,NEGPOS_08_12,47.5
2024-11-09,2024-11-09,FCR,1,NEGPOS_00_04,20
2024-11-09,2024-11-09,FCR,1,NEGPOS_20_24,40
2024-11-09,2024-11-09,FCR,1,NEGPOS_16_20,66.8
2024-11-09,2024-11-09,FCR,1,NEGPOS_12_16,47.64
2024-11-10,2024-11-10,FCR,1,NEGPOS_00_04,40
2024-11-10,2024-11-10,FCR,1,NEGPOS_08_12,55.6
2024-11-10,2024-11-10,FCR,1,NEGPOS_16_20,40
2024-11-10,2024-11-10,FCR,1,NEGPOS_12_16,54
2024-11-10,2024-11-10,FCR,1,NEGPOS_04_08,55.2
2024-11-10,2024-11-10,FCR,1,NEGPOS_20_24,40
2024-11-11,2024-11-11,FCR,1,NEGPOS_20_24,49.12
2024-11-11,2024-11-11,FCR,1,NEGPOS_04_08,70.08
2024-11-11,2024-11-11,FCR,1,NEGPOS_16_20,57.7
2024-11-11,2024-11-11,FCR,1,NEGPOS_00_04,60
2024-11-11,2024-11-11,FCR,1,NEGPOS_12_16,53.16
2024-11-11,2024-11-11,FCR,1,NEGPOS_08_12,44.99
2024-11-12,2024-11-12,FCR,1,NEGPOS_16_20,80
2024-11-12,2024-11-12,FCR,1,NEGPOS_08_12,50.08
2024-11-12,2024-11-12,FCR,1,NEGPOS_04_08,72.47
2024-11-12,2024-11-12,FCR,1,NEGPOS_00_04,40
2024-11-12,2024-11-12,FCR,1,NEGPOS_12_16,80
2024-11-12,2024-11-12,FCR,1,NEGPOS_20_24,60
2024-11-13,2024-11-13,FCR,1,NEGPOS_16_20,170.9
2024-11-13,2024-11-13,FCR,1,NEGPOS_20_24,50
2024-11-13,2024-11-13,FCR,1,NEGPOS_12_16,50.7
2024-11-13,2024-11-13,FCR,1,NEGPOS_00_04,40
2024-11-13,2024-11-13,FCR,1,NEGPOS_04_08,58.88
2024-11-13,2024-11-13,FCR,1,NEGPOS_08_12,56.32
2024-11-14,2024-11-14,FCR,1,NEGPOS_20_24,40
2024-11-14,2024-11-14,FCR,1,NEGPOS_04_08,45.24
2024-11-14,2024-11-14,FCR,1,NEGPOS_00_04,30.03
2024-11-14,2024-11-14,FCR,1,NEGPOS_16_20,170
2024-11-14,2024-11-14,FCR,1,NEGPOS_12_16,34.25
2024-11-14,2024-11-14,FCR,1,NEGPOS_08_12,69.23
2024-11-15,2024-11-15,FCR,1,NEGPOS_04_08,38
2024-11-15,2024-11-15,FCR,1,NEGPOS_20_24,28.92
2024-11-15,2024-11-15,FCR,1,NEGPOS_16_20,107.07
2024-11-15,2024-11-15,FCR,1,NEGPOS_00_04,24.21
2024-11-15,2024-11-15,FCR,1,NEGPOS_08_12,54.7
2024-11-15,2024-11-15,FCR,1,NEGPOS_12_16,29.02
2024-11-16,2024-11-16,FCR,1,NEGPOS_12_16,35.04
2024-11-16,2024-11-16,FCR,1,NEGPOS_04_08,30
2024-11-16,2024-11-16,FCR,1,NEGPOS_00_04,22.12
2024-11-16,2024-11-16,FCR,1,NEGPOS_20_24,27
2024-11-16,2024-11-16,FCR,1,NEGPOS_08_12,34.44
2024-11-16,2024-11-16,FCR,1,NEGPOS_16_20,38.7
2024-11-17,2024-11-17,FCR,1,NEGPOS_20_24,40
2024-11-17,2024-11-17,FCR,1,NEGPOS_12_16,39.44
2024-11-17,2024-11-17,FCR,1,NEGPOS_04_08,21
2024-11-17,2024-11-17,FCR,1,NEGPOS_00_04,22.04
2024-11-17,2024-11-17,FCR,1,NEGPOS_16_20,39
2024-11-17,2024-11-17,FCR,1,NEGPOS_08_12,71.7
2024-11-18,2024-11-18,FCR,1,NEGPOS_08_12,35.74
2024-11-18,2024-11-18,FCR,1,NEGPOS_16_20,59.99
2024-11-18,2024-11-18,FCR,1,NEGPOS_04_08,72.8
2024-11-18,2024-11-18,FCR,1,NEGPOS_12_16,37.18
2024-11-18,2024-11-18,FCR,1,NEGPOS_20_24,40
2024-11-18,2024-11-18,FCR,1,NEGPOS_00_04,44.5
2024-11-19,2024-11-19,FCR,1,NEGPOS_12_16,50.35
2024-11-19,2024-11-19,FCR,1,NEGPOS_00_04,40
2024-11-19,2024-11-19,FCR,1,NEGPOS_04_08,36.12
2024-11-19,2024-11-19,FCR,1,NEGPOS_20_24,39.36
2024-11-19,2024-11-19,FCR,1,NEGPOS_16_20,61
2024-11-19,2024-11-19,FCR,1,NEGPOS_08_12,55.2
2024-11-20,2024-11-20,FCR,1,NEGPOS_04_08,68.64
2024-11-20,2024-11-20,FCR,1,NEGPOS_16_20,78
2024-11-20,2024-11-20,FCR,1,NEGPOS_20_24,35.49
2024-11-20,2024-11-20,FCR,1,NEGPOS_00_04,40
2024-11-20,2024-11-20,FCR,1,NEGPOS_08_12,40.77
2024-11-20,2024-11-20,FCR,1,NEGPOS_12_16,43.55
2024-11-21,2024-11-21,FCR,1,NEGPOS_12_16,38
2024-11-21,2024-11-21,FCR,1,NEGPOS_00_04,51.48
2024-11-21,2024-11-21,FCR,1,NEGPOS_04_08,65
2024-11-21,2024-11-21,FCR,1,NEGPOS_20_24,24
2024-11-21,2024-11-21,FCR,1,NEGPOS_16_20,60
2024-11-21,2024-11-21,FCR,1,NEGPOS_08_12,37.38
2024-11-22,2024-11-22,FCR,1,NEGPOS_08_12,38
2024-11-22,2024-11-22,FCR,1,NEGPOS_00_04,44.24
2024-11-22,2024-11-22,FCR,1,NEGPOS_04_08,58.16
2024-11-22,2024-11-22,FCR,1,NEGPOS_12_16,40
2024-11-22,2024-11-22,FCR,1,NEGPOS_16_20,50
2024-11-22,2024-11-22,FCR,1,NEGPOS_20_24,21.3
2024-11-23,2024-11-23,FCR,1,NEGPOS_16_20,42.46
2024-11-23,2024-11-23,FCR,1,NEGPOS_12_16,46.52
2024-11-23,2024-11-23,FCR,1,NEGPOS_20_24,37.2
2024-11-23,2024-11-23,FCR,1,NEGPOS_08_12,45.24
2024-11-23,2024-11-23,FCR,1,NEGPOS_00_04,37.72
2024-11-23,2024-11-23,FCR,1,NEGPOS_04_08,54
2024-11-24,2024-11-24,FCR,1,NEGPOS_00_04,43.25
2024-11-24,2024-11-24,FCR,1,NEGPOS_16_20,42.98
2024-11-24,2024-11-24,FCR,1,NEGPOS_04_08,32.41
2024-11-24,2024-11-24,FCR,1,NEGPOS_08_12,38.38
2024-11-24,2024-11-24,FCR,1,NEGPOS_12_16,34.75
2024-11-24,2024-11-24,FCR,1,NEGPOS_20_24,34.64
2024-11-25,2024-11-25,FCR,1,NEGPOS_00_04,55.48
2024-11-25,2024-11-25,FCR,1,NEGPOS_04_08,72.6
2024-11-25,2024-11-25,FCR,1,NEGPOS_16_20,72.4
2024-11-25,2024-11-25,FCR,1,NEGPOS_12_16,63.95
2024-11-25,2024-11-25,FCR,1,NEGPOS_20_24,70
2024-11-25,2024-11-25,FCR,1,NEGPOS_08_12,98.4
2024-11-26,2024-11-26,FCR,1,NEGPOS_00_04,54.95
2024-11-26,2024-11-26,FCR,1,NEGPOS_08_12,37.08
2024-11-26,2024-11-26,FCR,1,NEGPOS_16_20,48.77
2024-11-26,2024-11-26,FCR,1,NEGPOS_12_16,43.01
2024-11-26,2024-11-26,FCR,1,NEGPOS_04_08,65.95
2024-11-26,2024-11-26,FCR,1,NEGPOS_20_24,40
2024-11-27,2024-11-27,FCR,1,NEGPOS_04_08,70.88
2024-11-27,2024-11-27,FCR,1,NEGPOS_16_20,64
2024-11-27,2024-11-27,FCR,1,NEGPOS_20_24,51.49
2024-11-27,2024-11-27,FCR,1,NEGPOS_08_12,90.44
2024-11-27,2024-11-27,FCR,1,NEGPOS_12_16,33.92
2024-11-27,2024-11-27,FCR,1,NEGPOS_00_04,42
2024-11-28,2024-11-28,FCR,1,NEGPOS_16_20,76.23
2024-11-28,2024-11-28,FCR,1,NEGPOS_00_04,49.44
2024-11-28,2024-11-28,FCR,1,NEGPOS_20_24,43.16
2024-11-28,2024-11-28,FCR,1,NEGPOS_04_08,71.9
2024-11-28,2024-11-28,FCR,1,NEGPOS_12_16,40
2024-11-28,2024-11-28,FCR,1,NEGPOS_08_12,55.6
2024-11-29,2024-11-29,FCR,1,NEGPOS_00_04,91.44
2024-11-29,2024-11-29,FCR,1,NEGPOS_04_08,96.41
2024-11-29,2024-11-29,FCR,1,NEGPOS_08_12,62.7
2024-11-29,2024-11-29,FCR,1,NEGPOS_16_20,73.92
2024-11-29,2024-11-29,FCR,1,NEGPOS_12_16,100
2024-11-29,2024-11-29,FCR,1,NEGPOS_20_24,42.64
2024-11-30,2024-11-30,FCR,1,NEGPOS_04_08,72.4
2024-11-30,2024-11-30,FCR,1,NEGPOS_12_16,70.04
2024-11-30,2024-11-30,FCR,1,NEGPOS_00_04,66.7
2024-11-30,2024-11-30,FCR,1,NEGPOS_08_12,82.84
2024-11-30,2024-11-30,FCR,1,NEGPOS_16_20,40
2024-11-30,2024-11-30,FCR,1,NEGPOS_20_24,40.84
2024-12-01,2024-12-01,FCR,1,NEGPOS_00_04,50.92
2024-12-01,2024-12-01,FCR,1,NEGPOS_16_20,56
2024-12-01,2024-12-01,FCR,1,NEGPOS_20_24,43.17
2024-12-01,2024-12-01,FCR,1,NEGPOS_08_12,90.4
2024-12-01,2024-12-01,FCR,1,NEGPOS_12_16,60
2024-12-01,2024-12-01,FCR,1,NEGPOS_04_08,63.6
2024-12-02,2024-12-02,FCR,1,NEGPOS_20_24,34
2024-12-02,2024-12-02,FCR,1,NEGPOS_08_12,60.99
2024-12-02,2024-12-02,FCR,1,NEGPOS_04_08,112
2024-12-02,2024-12-02,FCR,1,NEGPOS_00_04,45.56
2024-12-02,2024-12-02,FCR,1,NEGPOS_12_16,46.09
2024-12-02,2024-12-02,FCR,1,NEGPOS_16_20,68.43
2024-12-03,2024-12-03,FCR,1,NEGPOS_20_24,30
2024-12-03,2024-12-03,FCR,1,NEGPOS_04_08,47.52
2024-12-03,2024-12-03,FCR,1,NEGPOS_08_12,56.73
2024-12-03,2024-12-03,FCR,1,NEGPOS_00_04,31.2
2024-12-03,2024-12-03,FCR,1,NEGPOS_16_20,80.92
2024-12-03,2024-12-03,FCR,1,NEGPOS_12_16,43.16
2024-12-04,2024-12-04,FCR,1,NEGPOS_04_08,49.3
2024-12-04,2024-12-04,FCR,1,NEGPOS_20_24,40
2024-12-04,2024-12-04,FCR,1,NEGPOS_16_20,116.77
2024-12-04,2024-12-04,FCR,1,NEGPOS_12_16,49.28
2024-12-04,2024-12-04,FCR,1,NEGPOS_08_12,61.9
2024-12-04,2024-12-04,FCR,1,NEGPOS_00_04,30
2024-12-05,2024-12-05,FCR,1,NEGPOS_12_16,24.8
2024-12-05,2024-12-05,FCR,1,NEGPOS_00_04,39.36
2024-12-05,2024-12-05,FCR,1,NEGPOS_20_24,46
2024-12-05,2024-12-05,FCR,1,NEGPOS_08_12,40.95
2024-12-05,2024-12-05,FCR,1,NEGPOS_04_08,70.64
2024-12-05,2024-12-05,FCR,1,NEGPOS_16_20,40
2024-12-06,2024-12-06,FCR,1,NEGPOS_12_16,38.81
2024-12-06,2024-12-06,FCR,1,NEGPOS_08_12,31.92
2024-12-06,2024-12-06,FCR,1,NEGPOS_20_24,40
2024-12-06,2024-12-06,FCR,1,NEGPOS_16_20,40
2024-12-06,2024-12-06,FCR,1,NEGPOS_00_04,62.04
2024-12-06,2024-12-06,FCR,1,NEGPOS_04_08,70.2
2024-12-07,2024-12-07,FCR,1,NEGPOS_08_12,24.3
2024-12-07,2024-12-07,FCR,1,NEGPOS_04_08,32
2024-12-07,2024-12-07,FCR,1,NEGPOS_00_04,40
2024-12-07,2024-12-07,FCR,1,NEGPOS_20_24,33.2
2024-12-07,2024-12-07,FCR,1,NEGPOS_16_20,40
2024-12-07,2024-12-07,FCR,1,NEGPOS_12_16,27.58
2024-12-08,2024-12-08,FCR,1,NEGPOS_20_24,32
2024-12-08,2024-12-08,FCR,1,NEGPOS_00_04,33.1
2024-12-08,2024-12-08,FCR,1,NEGPOS_04_08,30
2024-12-08,2024-12-08,FCR,1,NEGPOS_08_12,32
2024-12-08,2024-12-08,FCR,1,NEGPOS_16_20,24.77
2024-12-08,2024-12-08,FCR,1,NEGPOS_12_16,34.4
2024-12-09,2024-12-09,FCR,1,NEGPOS_16_20,33
2024-12-09,2024-12-09,FCR,1,NEGPOS_20_24,40
2024-12-09,2024-12-09,FCR,1,NEGPOS_12_16,41.69
2024-12-09,2024-12-09,FCR,1,NEGPOS_08_12,27.3
2024-12-09,2024-12-09,FCR,1,NEGPOS_00_04,48.8
2024-12-09,2024-12-09,FCR,1,NEGPOS_04_08,63
2024-12-10,2024-12-10,FCR,1,NEGPOS_00_04,40.3
2024-12-10,2024-12-10,FCR,1,NEGPOS_04_08,63.84
2024-12-10,2024-12-10,FCR,1,NEGPOS_20_24,20.12
2024-12-10,2024-12-10,FCR,1,NEGPOS_16_20,57.96
2024-12-10,2024-12-10,FCR,1,NEGPOS_08_12,24.6
2024-12-10,2024-12-10,FCR,1,NEGPOS_12_16,30.4
2024-12-11,2024-12-11,FCR,1,NEGPOS_00_04,40
2024-12-11,2024-12-11,FCR,1,NEGPOS_20_24,40
2024-12-11,2024-12-11,FCR,1,NEGPOS_16_20,81.24
2024-12-11,2024-12-11,FCR,1,NEGPOS_12_16,44.92
2024-12-11,2024-12-11,FCR,1,NEGPOS_08_12,52
2024-12-11,2024-12-11,FCR,1,NEGPOS_04_08,60.72
2024-12-12,2024-12-12,FCR,1,NEGPOS_00_04,40
2024-12-12,2024-12-12,FCR,1,NEGPOS_04_08,79.96
2024-12-12,2024-12-12,FCR,1,NEGPOS_12_16,88.92
2024-12-12,2024-12-12,FCR,1,NEGPOS_20_24,53.16
2024-12-12,2024-12-12,FCR,1,NEGPOS_16_20,153.08
2024-12-12,2024-12-12,FCR,1,NEGPOS_08_12,87.6
2024-12-13,2024-12-13,FCR,1,NEGPOS_12_16,94.4
2024-12-13,2024-12-13,FCR,1,NEGPOS_16_20,200
2024-12-13,2024-12-13,FCR,1,NEGPOS_08_12,112
2024-12-13,2024-12-13,FCR,1,NEGPOS_04_08,100
2024-12-13,2024-12-13,FCR,1,NEGPOS_20_24,59
2024-12-13,2024-12-13,FCR,1,NEGPOS_00_04,40
2024-12-14,2024-12-14,FCR,1,NEGPOS_12_16,49
2024-12-14,2024-12-14,FCR,1,NEGPOS_00_04,40
2024-12-14,2024-12-14,FCR,1,NEGPOS_20_24,40
2024-12-14,2024-12-14,FCR,1,NEGPOS_16_20,39
2024-12-14,2024-12-14,FCR,1,NEGPOS_04_08,40
2024-12-14,2024-12-14,FCR,1,NEGPOS_08_12,59
2024-12-15,2024-12-15,FCR,1,NEGPOS_16_20,34.13
2024-12-15,2024-12-15,FCR,1,NEGPOS_12_16,39.7
2024-12-15,2024-12-15,FCR,1,NEGPOS_08_12,55.2
2024-12-15,2024-12-15,FCR,1,NEGPOS_00_04,33.4
2024-12-15,2024-12-15,FCR,1,NEGPOS_20_24,40
2024-12-15,2024-12-15,FCR,1,NEGPOS_04_08,48
2024-12-16,2024-12-16,FCR,1,NEGPOS_20_24,30.45
2024-12-16,2024-12-16,FCR,1,NEGPOS_00_04,61.3
2024-12-16,2024-12-16,FCR,1,NEGPOS_08_12,37.01
2024-12-16,2024-12-16,FCR,1,NEGPOS_16_20,59.04
2024-12-16,2024-12-16,FCR,1,NEGPOS_12_16,38.7
2024-12-16,2024-12-16,FCR,1,NEGPOS_04_08,75.8
2024-12-17,2024-12-17,FCR,1,NEGPOS_00_04,64.38
2024-12-17,2024-12-17,FCR,1,NEGPOS_16_20,45.6
2024-12-17,2024-12-17,FCR,1,NEGPOS_12_16,31.4
2024-12-17,2024-12-17,FCR,1,NEGPOS_08_12,39.84
2024-12-17,2024-12-17,FCR,1,NEGPOS_04_08,50
2024-12-17,2024-12-17,FCR,1,NEGPOS_20_24,24.8
2024-12-18,2024-12-18,FCR,1,NEGPOS_04_08,48.7
2024-12-18,2024-12-18,FCR,1,NEGPOS_08_12,53
2024-12-18,2024-12-18,FCR,1,NEGPOS_20_24,40.4
2024-12-18,2024-12-18,FCR,1,NEGPOS_12_16,41.7
2024-12-18,2024-12-18,FCR,1,NEGPOS_16_20,75.4
2024-12-18,2024-12-18,FCR,1,NEGPOS_00_04,56.3
2024-12-19,2024-12-19,FCR,1,NEGPOS_16_20,48.75
2024-12-19,2024-12-19,FCR,1,NEGPOS_00_04,45.63
2024-12-19,2024-12-19,FCR,1,NEGPOS_08_12,41.2
2024-12-19,2024-12-19,FCR,1,NEGPOS_04_08,57.1
2024-12-19,2024-12-19,FCR,1,NEGPOS_20_24,43.76
2024-12-19,2024-12-19,FCR,1,NEGPOS_12_16,36.1
2024-12-20,2024-12-20,FCR,1,NEGPOS_12_16,36
2024-12-20,2024-12-20,FCR,1,NEGPOS_16_20,55.6
2024-12-20,2024-12-20,FCR,1,NEGPOS_08_12,33.06
2024-12-20,2024-12-20,FCR,1,NEGPOS_20_24,54
2024-12-20,2024-12-20,FCR,1,NEGPOS_04_08,85.67
2024-12-20,2024-12-20,FCR,1,NEGPOS_00_04,85
2024-12-21,2024-12-21,FCR,1,NEGPOS_20_24,40.19
2024-12-21,2024-12-21,FCR,1,NEGPOS_12_16,41.31
2024-12-21,2024-12-21,FCR,1,NEGPOS_08_12,38
2024-12-21,2024-12-21,FCR,1,NEGPOS_16_20,41.46
2024-12-21,2024-12-21,FCR,1,NEGPOS_04_08,59.5
2024-12-21,2024-12-21,FCR,1,NEGPOS_00_04,101
2024-12-22,2024-12-22,FCR,1,NEGPOS_00_04,117
2024-12-22,2024-12-22,FCR,1,NEGPOS_12_16,41.72
2024-12-22,2024-12-22,FCR,1,NEGPOS_16_20,53.36
2024-12-22,2024-12-22,FCR,1,NEGPOS_04_08,85
2024-12-22,2024-12-22,FCR,1,NEGPOS_20_24,56.9
2024-12-22,2024-12-22,FCR,1,NEGPOS_08_12,45.79
2024-12-23,2024-12-23,FCR,1,NEGPOS_12_16,44.44
2024-12-23,2024-12-23,FCR,1,NEGPOS_00_04,93.67
2024-12-23,2024-12-23,FCR,1,NEGPOS_20_24,35.93
2024-12-23,2024-12-23,FCR,1,NEGPOS_16_20,36.1
2024-12-23,2024-12-23,FCR,1,NEGPOS_08_12,40
2024-12-23,2024-12-23,FCR,1,NEGPOS_04_08,70
2024-12-24,2024-12-24,FCR,1,NEGPOS_12_16,34.4
2024-12-24,2024-12-24,FCR,1,NEGPOS_20_24,39.96
2024-12-24,2024-12-24,FCR,1,NEGPOS_16_20,31
2024-12-24,2024-12-24,FCR,1,NEGPOS_04_08,70.36
2024-12-24,2024-12-24,FCR,1,NEGPOS_00_04,94.64
2024-12-24,2024-12-24,FCR,1,NEGPOS_08_12,32
2024-12-25,2024-12-25,FCR,1,NEGPOS_12_16,50
2024-12-25,2024-12-25,FCR,1,NEGPOS_16_20,46.83
2024-12-25,2024-12-25,FCR,1,NEGPOS_20_24,31.17
2024-12-25,2024-12-25,FCR,1,NEGPOS_00_04,65.21
2024-12-25,2024-12-25,FCR,1,NEGPOS_04_08,39.4
2024-12-25,2024-12-25,FCR,1,NEGPOS_08_12,45
2024-12-26,2024-12-26,FCR,1,NEGPOS_20_24,26.5
2024-12-26,2024-12-26,FCR,1,NEGPOS_12_16,31.01
2024-12-26,2024-12-26,FCR,1,NEGPOS_00_04,46.88
2024-12-26,2024-12-26,FCR,1,NEGPOS_16_20,30.5
2024-12-26,2024-12-26,FCR,1,NEGPOS_04_08,63.5
2024-12-26,2024-12-26,FCR,1,NEGPOS_08_12,27
2024-12-27,2024-12-27,FCR,1,NEGPOS_00_04,33.16
2024-12-27,2024-12-27,FCR,1,NEGPOS_20_24,24.62
2024-12-27,2024-12-27,FCR,1,NEGPOS_04_08,33.38
2024-12-27,2024-12-27,FCR,1,NEGPOS_12_16,31.25
2024-12-27,2024-12-27,FCR,1,NEGPOS_16_20,35.6
2024-12-27,2024-12-27,FCR,1,NEGPOS_08_12,22.5
2024-12-28,2024-12-28,FCR,1,NEGPOS_00_04,19.6
2024-12-28,2024-12-28,FCR,1,NEGPOS_20_24,18.4
2024-12-28,2024-12-28,FCR,1,NEGPOS_08_12,18.4
2024-12-28,2024-12-28,FCR,1,NEGPOS_12_16,27.13
2024-12-28,2024-12-28,FCR,1,NEGPOS_16_20,37.15
2024-12-28,2024-12-28,FCR,1,NEGPOS_04_08,31.15
2024-12-29,2024-12-29,FCR,1,NEGPOS_00_04,27.92
2024-12-29,2024-12-29,FCR,1,NEGPOS_04_08,48
2024-12-29,2024-12-29,FCR,1,NEGPOS_12_16,27.88
2024-12-29,2024-12-29,FCR,1,NEGPOS_08_12,49.2
2024-12-29,2024-12-29,FCR,1,NEGPOS_16_20,33
2024-12-29,2024-12-29,FCR,1,NEGPOS_20_24,34.56
2024-12-30,2024-12-30,FCR,1,NEGPOS_12_16,17.21
2024-12-30,2024-12-30,FCR,1,NEGPOS_04_08,55.72
2024-12-30,2024-12-30,FCR,1,NEGPOS_00_04,37.4
2024-12-30,2024-12-30,FCR,1,NEGPOS_16_20,29.7
2024-12-30,2024-12-30,FCR,1,NEGPOS_20_24,25
2024-12-30,2024-12-30,FCR,1,NEGPOS_08_12,18.22
2024-12-31,2024-12-31,FCR,1,NEGPOS_20_24,92.32
2024-12-31,2024-12-31,FCR,1,NEGPOS_16_20,46.89
2024-12-31,2024-12-31,FCR,1,NEGPOS_04_08,106.52
2024-12-31,2024-12-31,FCR,1,NEGPOS_00_04,73.84
2024-12-31,2024-12-31,FCR,1,NEGPOS_12_16,106.9
2024-12-31,2024-12-31,FCR,1,NEGPOS_08_12,24
